,Date,Symbols,Close,High,Low,Open,Volume
0,2024-07-19,TSLA,239.2,249.44,236.83,247.79,87403903
1,2024-07-18,TSLA,249.23,257.14,247.2,251.09,110869037
2,2024-07-17,TSLA,248.5,258.47,246.182,252.73,115584810
3,2024-07-16,TSLA,256.56,258.62,245.8001,255.31,126332470
4,2024-07-15,TSLA,252.64,265.6,251.73,255.97,146912920
5,2024-07-12,TSLA,248.23,251.84,233.0912,235.8,155955773
6,2024-07-11,TSLA,241.03,271.0,239.65,263.3,221707273
7,2024-07-10,TSLA,263.26,267.59,257.86,262.8,128519430
8,2024-07-09,TSLA,262.33,265.61,250.3,251.0,160742516
9,2024-07-08,TSLA,252.94,259.439,244.57,247.71,157219580
10,2024-07-05,TSLA,251.52,252.37,242.4601,249.81,154501152
11,2024-07-03,TSLA,246.39,248.35,234.25,234.56,166561471
12,2024-07-02,TSLA,231.26,231.3,218.06,218.89,205047920
13,2024-07-01,TSLA,209.86,213.23,200.85,201.02,135691395
14,2024-06-28,TSLA,197.88,203.2,195.26,199.55,95438068
15,2024-06-27,TSLA,197.42,198.72,194.05,195.17,72746521
16,2024-06-26,TSLA,196.37,197.755,186.36,186.54,95737066
17,2024-06-25,TSLA,187.35,187.97,182.01,184.4,63678265
18,2024-06-24,TSLA,182.58,188.8,182.55,184.97,61992070
19,2024-06-21,TSLA,183.01,183.95,180.69,182.3,63029482
20,2024-06-20,TSLA,181.57,185.21,179.66,184.68,55893139
21,2024-06-18,TSLA,184.86,187.2,182.37,186.56,68982265
22,2024-06-17,TSLA,187.44,188.81,177.0,177.92,109786083
23,2024-06-14,TSLA,178.01,186.0,176.92,185.8,82038194
24,2024-06-13,TSLA,182.47,191.08,181.23,188.39,118984122
25,2024-06-12,TSLA,177.29,180.55,169.8,171.12,90389446
26,2024-06-11,TSLA,170.66,174.75,167.41,173.92,64761928
27,2024-06-10,TSLA,173.79,178.57,173.17,176.06,50869682
28,2024-06-07,TSLA,177.48,179.35,175.58,176.13,56244932
29,2024-06-06,TSLA,177.94,179.73,172.73,174.6,69887024
30,2024-06-05,TSLA,175.0,176.15,172.13,175.35,57953756
31,2024-06-04,TSLA,174.77,177.755,174.0,174.775,60056340
32,2024-06-03,TSLA,176.29,182.6389,174.49,178.13,68568920
33,2024-05-31,TSLA,178.08,180.32,173.82,178.5,67314602
34,2024-05-30,TSLA,178.79,182.67,175.38,178.575,77784755
35,2024-05-29,TSLA,176.19,178.15,173.93,174.19,54782649
36,2024-05-28,TSLA,176.75,178.25,173.16,176.4,59736620
37,2024-05-24,TSLA,179.24,180.08,173.73,174.835,65584478
38,2024-05-23,TSLA,173.74,181.9,173.26,181.8,71975496
39,2024-05-22,TSLA,180.11,183.8,178.12,182.85,88313477
40,2024-05-21,TSLA,186.6,186.875,174.71,175.51,115266512
41,2024-05-20,TSLA,174.95,177.754,173.52,177.56,61727425
42,2024-05-17,TSLA,177.46,179.63,172.75,173.55,77445845
43,2024-05-16,TSLA,174.84,175.79,171.43,174.1,59812220
44,2024-05-15,TSLA,173.99,180.0,173.11,179.9,79662993
45,2024-05-14,TSLA,177.55,179.49,174.07,174.4959,86407422
46,2024-05-13,TSLA,171.89,175.4,169.0,170.0,67018903
47,2024-05-10,TSLA,168.47,173.0599,167.75,173.05,72627178
48,2024-05-09,TSLA,171.97,175.62,171.37,175.01,65950292
49,2024-05-08,TSLA,174.72,176.06,170.15,171.59,79969488
50,2024-05-07,TSLA,177.81,183.26,177.4,182.4,75045854
51,2024-05-06,TSLA,184.76,187.56,182.2,183.8,84390253
52,2024-05-03,TSLA,181.19,184.78,178.42,182.1,75491539
53,2024-05-02,TSLA,180.01,184.6,176.02,182.86,89148041
54,2024-05-01,TSLA,179.99,185.86,179.01,182.0,92829719
55,2024-04-30,TSLA,183.28,190.95,182.8401,186.98,127031787
56,2024-04-29,TSLA,194.05,198.87,184.54,188.42,243869678
57,2024-04-26,TSLA,168.29,172.12,166.37,168.85,109815725
58,2024-04-25,TSLA,170.18,170.88,158.36,158.96,126427521
59,2024-04-24,TSLA,162.13,167.97,157.51,162.84,181178020
60,2024-04-23,TSLA,144.68,147.26,141.11,143.33,124545104
61,2024-04-22,TSLA,142.05,144.44,138.8025,140.56,107097564
62,2024-04-19,TSLA,147.0101,150.94,146.22,148.97,86868117
63,2024-04-18,TSLA,149.93,152.2,148.7,151.25,96098830
64,2024-04-17,TSLA,155.45,158.33,153.78,157.64,82439718
65,2024-04-16,TSLA,157.11,158.19,153.75,156.742,96999956
66,2024-04-15,TSLA,161.48,170.69,161.38,170.24,100245310
67,2024-04-12,TSLA,171.05,173.8099,170.3644,172.34,64722669
68,2024-04-11,TSLA,174.6,175.88,168.51,172.55,94515987
69,2024-04-10,TSLA,171.76,174.93,170.01,173.04,84532407
70,2024-04-09,TSLA,176.88,179.22,171.92,172.91,103232675
71,2024-04-08,TSLA,172.98,174.5,167.79,169.34,104423320
72,2024-04-05,TSLA,164.9,170.86,160.51,169.08,143157603
73,2024-04-04,TSLA,171.11,177.19,168.01,170.07,123161960
74,2024-04-03,TSLA,168.38,168.82,163.28,164.02,82950141
75,2024-04-02,TSLA,166.63,167.69,163.43,164.75,116650594
76,2024-04-01,TSLA,175.22,176.75,170.21,176.17,81562127
77,2024-03-28,TSLA,175.79,179.57,175.3,177.45,77654838
78,2024-03-27,TSLA,179.83,181.91,176.0,181.41,81804043
79,2024-03-26,TSLA,177.67,184.25,177.38,178.58,113186227
80,2024-03-25,TSLA,172.63,175.24,168.73,168.76,74228615
81,2024-03-22,TSLA,170.83,171.2,166.3,166.69,75580637
82,2024-03-21,TSLA,172.82,178.18,171.8,176.39,73178014
83,2024-03-20,TSLA,175.66,176.25,170.82,173.0,83846726
84,2024-03-19,TSLA,171.32,172.82,167.42,172.36,77271428
85,2024-03-18,TSLA,173.8,174.72,165.9,170.02,108214358
86,2024-03-15,TSLA,163.57,165.1845,160.76,163.16,97146832
87,2024-03-14,TSLA,162.5,171.17,160.51,167.77,126325696
88,2024-03-13,TSLA,169.48,176.05,169.15,173.05,106524518
89,2024-03-12,TSLA,177.54,179.43,172.4101,177.77,87391684
90,2024-03-11,TSLA,177.77,182.87,174.8,175.445,85391528
91,2024-03-08,TSLA,175.34,182.73,174.7,181.5,85544644
92,2024-03-07,TSLA,178.65,180.04,173.7,174.35,102129004
93,2024-03-06,TSLA,176.54,181.576,173.7,179.99,107920944
94,2024-03-05,TSLA,180.74,184.59,177.57,183.05,119660758
95,2024-03-04,TSLA,188.14,199.75,186.72,198.73,134334869
96,2024-03-01,TSLA,202.64,204.52,198.5,200.52,82243119
97,2024-02-29,TSLA,201.88,205.28,198.4463,204.18,85906974
98,2024-02-28,TSLA,202.04,205.3,198.44,200.42,99806173
99,2024-02-27,TSLA,199.73,205.6,198.26,204.04,108645412
100,2024-02-26,TSLA,199.4,201.78,192.0,192.29,111747116
101,2024-02-23,TSLA,191.97,197.57,191.5,195.31,78841917
102,2024-02-22,TSLA,197.41,198.32,191.36,194.0,92739461
103,2024-02-21,TSLA,194.77,199.44,191.95,193.36,103844008
104,2024-02-20,TSLA,193.76,198.6,189.13,196.13,104545762
105,2024-02-16,TSLA,199.95,203.17,197.4,202.06,111346705
106,2024-02-15,TSLA,200.45,200.88,188.8595,189.16,120831762
107,2024-02-14,TSLA,188.71,188.89,183.35,185.3,81202987
108,2024-02-13,TSLA,184.02,187.26,182.1087,183.99,86759478
109,2024-02-12,TSLA,188.13,194.73,187.28,192.11,95498597
110,2024-02-09,TSLA,193.57,194.12,189.48,190.18,84476347
111,2024-02-08,TSLA,189.56,191.6171,185.58,189.0,83034043
112,2024-02-07,TSLA,187.58,189.79,182.68,188.18,111535217
113,2024-02-06,TSLA,185.1,186.49,177.11,177.21,122675954
114,2024-02-05,TSLA,181.06,184.68,175.01,184.26,134294447
115,2024-02-02,TSLA,187.91,188.69,182.0,185.04,110612672
116,2024-02-01,TSLA,188.86,189.88,184.28,188.5,91843275
117,2024-01-31,TSLA,187.29,193.97,185.8459,186.995,103221430
118,2024-01-30,TSLA,191.59,196.3593,190.61,195.33,109982327
119,2024-01-29,TSLA,190.93,191.48,183.67,185.63,125013148
120,2024-01-26,TSLA,183.25,186.78,182.1,185.5,107343231
121,2024-01-25,TSLA,182.63,193.0,180.06,189.7,198076787
122,2024-01-24,TSLA,207.83,212.73,206.77,211.88,123369932
123,2024-01-23,TSLA,209.14,215.65,207.7516,211.3,106605946
124,2024-01-22,TSLA,208.8,217.8,206.27,212.26,117952527
125,2024-01-19,TSLA,212.19,213.19,207.56,209.99,102260343
126,2024-01-18,TSLA,211.88,217.45,208.74,216.88,108595431
127,2024-01-17,TSLA,215.55,215.67,212.01,214.86,103164400
128,2024-01-16,TSLA,219.91,223.49,212.18,215.1,115355046
129,2024-01-12,TSLA,218.89,225.34,217.1501,220.08,123043812
130,2024-01-11,TSLA,227.22,230.93,225.37,230.57,105873612
131,2024-01-10,TSLA,233.94,235.5,231.29,235.1,91628502
132,2024-01-09,TSLA,234.96,238.9646,232.04,238.11,96705664
133,2024-01-08,TSLA,240.45,241.25,235.3,236.14,85166580
134,2024-01-05,TSLA,237.49,240.1196,234.9001,236.86,92488939
135,2024-01-04,TSLA,237.93,242.7,237.73,239.25,102629283
136,2024-01-03,TSLA,238.45,245.68,236.32,244.98,121082599
137,2024-01-02,TSLA,248.42,251.25,244.41,250.08,104654163
138,2023-12-29,TSLA,248.48,255.19,247.43,255.1,100891578
139,2023-12-28,TSLA,253.18,265.13,252.71,263.66,113619943
140,2023-12-27,TSLA,261.44,263.34,257.52,258.35,106494359
141,2023-12-26,TSLA,256.61,257.97,252.91,254.49,86892382
142,2023-12-22,TSLA,252.54,258.22,251.37,256.76,93370094
143,2023-12-21,TSLA,254.5,254.7999,248.55,251.9,109594227
144,2023-12-20,TSLA,247.14,259.84,247.0,256.41,125096987
145,2023-12-19,TSLA,257.22,258.3399,253.01,253.48,106737369
146,2023-12-18,TSLA,252.08,258.74,251.36,253.78,116416490
147,2023-12-15,TSLA,253.5,254.13,248.3,251.21,135932762
148,2023-12-14,TSLA,251.05,253.88,240.79,241.22,160829239
149,2023-12-13,TSLA,239.29,240.3,228.2,234.19,146286348
150,2023-12-12,TSLA,237.01,238.99,233.87,238.55,95328313
151,2023-12-11,TSLA,239.74,243.441,237.45,242.74,97913888
152,2023-12-08,TSLA,243.84,245.27,239.2701,240.27,103126829
153,2023-12-07,TSLA,242.64,244.08,236.98,241.55,107142262
154,2023-12-06,TSLA,239.37,246.57,239.1709,242.92,126436179
155,2023-12-05,TSLA,238.72,246.66,233.7,233.87,137971115
156,2023-12-04,TSLA,235.58,239.3733,233.2902,235.75,104099817
157,2023-12-01,TSLA,238.83,240.19,231.9,233.14,121331709
158,2023-11-30,TSLA,240.08,245.22,236.91,245.14,132353196
159,2023-11-29,TSLA,244.14,252.75,242.76,249.21,135401335
160,2023-11-28,TSLA,246.72,247.0,234.01,236.68,148549913
161,2023-11-27,TSLA,236.08,238.33,232.1,236.89,112031763
162,2023-11-24,TSLA,235.45,238.75,232.33,233.75,65125203
163,2023-11-22,TSLA,234.21,244.01,231.4,242.04,118117078
164,2023-11-21,TSLA,241.2,243.62,233.34,235.04,122288000
165,2023-11-20,TSLA,235.6,237.1,231.02,234.04,116562402
166,2023-11-17,TSLA,234.3,237.39,226.54,232.0,142766234
167,2023-11-16,TSLA,233.59,240.88,230.96,239.49,136816819
168,2023-11-15,TSLA,242.84,246.7,236.45,239.29,150353975
169,2023-11-14,TSLA,237.41,238.135,230.72,235.03,149771642
170,2023-11-13,TSLA,223.71,225.4,211.6101,215.6,140447569
171,2023-11-10,TSLA,214.65,215.38,205.69,210.03,131310128
172,2023-11-09,TSLA,209.98,220.8,206.68,219.75,142110454
173,2023-11-08,TSLA,222.11,224.15,217.64,223.15,106584841
174,2023-11-07,TSLA,222.18,223.12,215.72,219.98,116900130
175,2023-11-06,TSLA,219.27,226.32,215.0,223.98,117335820
176,2023-11-03,TSLA,219.96,226.3701,218.4,221.15,119534790
177,2023-11-02,TSLA,218.51,219.2,211.45,212.97,125987621
178,2023-11-01,TSLA,205.66,205.99,197.85,204.04,121661656
179,2023-10-31,TSLA,200.84,202.8,194.07,196.12,118068273
180,2023-10-30,TSLA,197.36,210.88,194.67,209.28,136448167
181,2023-10-27,TSLA,207.3,212.41,205.77,210.6,94881173
182,2023-10-26,TSLA,205.76,214.8,204.88,211.32,115112635
183,2023-10-25,TSLA,212.42,220.1,212.2,215.88,107065087
184,2023-10-24,TSLA,216.52,222.05,214.11,216.5,118231113
185,2023-10-23,TSLA,212.08,216.98,202.51,210.0,150683368
186,2023-10-20,TSLA,211.99,218.8606,210.42,217.01,138010095
187,2023-10-19,TSLA,220.11,230.61,216.78,225.95,170772713
188,2023-10-18,TSLA,242.68,254.63,242.08,252.7,125147846
189,2023-10-17,TSLA,254.85,257.183,247.08,250.1,93562909
190,2023-10-16,TSLA,253.92,255.3999,248.48,250.05,88917176
191,2023-10-13,TSLA,251.12,259.6,250.22,258.9,102296786
192,2023-10-12,TSLA,258.87,265.41,256.6307,262.92,111508114
193,2023-10-11,TSLA,262.99,268.6,260.9,266.2,103706266
194,2023-10-10,TSLA,263.62,268.94,257.65,257.75,122656030
195,2023-10-09,TSLA,259.67,261.36,252.05,255.31,101377947
196,2023-10-06,TSLA,260.53,261.65,250.65,253.98,118121812
197,2023-10-05,TSLA,260.05,263.6,256.25,260.0,119159214
198,2023-10-04,TSLA,261.16,261.86,247.6,248.14,129721567
199,2023-10-03,TSLA,246.53,250.02,244.45,248.61,101985305
200,2023-10-02,TSLA,251.6,254.2799,242.62,244.81,123810402
201,2023-09-29,TSLA,250.22,254.77,246.35,250.0,128522729
202,2023-09-28,TSLA,246.38,247.55,238.65,240.02,117058870
203,2023-09-27,TSLA,240.5,245.33,234.58,244.262,136597184
204,2023-09-26,TSLA,244.12,249.55,241.6601,242.98,101993631
205,2023-09-25,TSLA,246.99,247.1,238.31,243.38,104636557
206,2023-09-22,TSLA,244.88,257.7888,244.48,257.4,127524083
207,2023-09-21,TSLA,255.7,260.86,254.21,257.85,119951516
208,2023-09-20,TSLA,262.59,273.93,262.4606,267.04,122514643
209,2023-09-19,TSLA,266.5,267.85,261.2,264.35,103704040
210,2023-09-18,TSLA,265.28,271.44,263.7601,271.16,101543305
211,2023-09-15,TSLA,274.39,278.98,271.0,277.55,133692313
212,2023-09-14,TSLA,276.04,276.7094,270.42,271.32,107709842
213,2023-09-13,TSLA,271.3,274.98,268.1,270.07,111673737
214,2023-09-12,TSLA,267.48,278.39,266.6,270.76,135999866
215,2023-09-11,TSLA,273.58,274.85,260.61,264.27,174667852
216,2023-09-08,TSLA,248.5,256.52,246.67,251.22,118559635
217,2023-09-07,TSLA,251.49,252.81,243.265,245.07,115312886
218,2023-09-06,TSLA,251.92,255.39,245.06,255.135,116959759
219,2023-09-05,TSLA,256.49,258.0,244.86,245.0,129469565
220,2023-09-01,TSLA,245.01,259.0794,242.01,257.26,132541640
221,2023-08-31,TSLA,258.08,261.18,255.05,255.98,108861698
222,2023-08-30,TSLA,256.9,260.51,250.59,254.2,121988437
223,2023-08-29,TSLA,257.18,257.48,237.77,238.58,134047603
224,2023-08-28,TSLA,238.82,244.38,235.35,242.58,107673727
225,2023-08-25,TSLA,238.59,239.0,230.35,231.31,106612231
226,2023-08-24,TSLA,230.04,238.92,228.1801,238.66,99777432
227,2023-08-23,TSLA,236.86,238.98,229.29,229.34,101077635
228,2023-08-22,TSLA,233.19,240.82,229.55,240.25,130597886
229,2023-08-21,TSLA,231.28,232.1343,220.58,221.5512,135702671
230,2023-08-18,TSLA,215.49,217.58,212.36,214.12,136276584
231,2023-08-17,TSLA,219.22,226.74,218.83,226.06,120718417
232,2023-08-16,TSLA,225.6,233.97,225.38,228.02,112484520
233,2023-08-15,TSLA,232.96,240.5,232.61,238.73,88197599
234,2023-08-14,TSLA,239.76,240.66,233.75,235.7,98595331
235,2023-08-11,TSLA,242.65,243.79,238.02,241.77,99038642
236,2023-08-10,TSLA,245.34,251.8,243.0,245.4,109498608
237,2023-08-09,TSLA,242.19,251.1,241.9,250.87,101596324
238,2023-08-08,TSLA,249.7,250.92,245.01,247.45,96642183
239,2023-08-07,TSLA,251.45,253.6511,242.76,251.45,111097943
240,2023-08-04,TSLA,253.86,264.77,253.11,260.97,99539907
241,2023-08-03,TSLA,259.32,260.49,252.0,252.04,97829545
242,2023-08-02,TSLA,254.11,259.52,250.49,255.57,101752865
243,2023-08-01,TSLA,261.07,266.47,260.25,266.26,83645720
244,2023-07-31,TSLA,267.43,269.08,263.78,267.48,84582172
245,2023-07-28,TSLA,266.44,267.25,258.2312,259.86,111446026
246,2023-07-27,TSLA,255.71,269.13,255.3,268.31,103697263
247,2023-07-26,TSLA,264.35,268.04,261.75,263.25,95856177
248,2023-07-25,TSLA,265.28,272.9,265.0,272.38,112757327
249,2023-07-24,TSLA,269.06,269.85,254.12,255.85,137005037
250,2023-07-21,TSLA,260.02,268.0,255.8,268.0,161796073
251,2023-07-20,TSLA,262.9,280.93,261.2,279.56,175158273
252,2023-07-19,TSLA,291.26,299.29,289.5201,296.04,142355353
253,2023-07-18,TSLA,293.34,295.26,286.01,290.15,112434713
254,2023-07-17,TSLA,290.38,292.23,283.57,286.625,131569593
255,2023-07-14,TSLA,281.38,285.3,276.31,277.01,120062369
256,2023-07-13,TSLA,277.9,279.45,270.6,274.59,112681458
257,2023-07-12,TSLA,271.99,276.52,271.46,276.325,95672139
258,2023-07-11,TSLA,269.79,270.9,266.37,268.65,91972358
259,2023-07-10,TSLA,269.61,277.52,265.1,276.47,119425405
260,2023-07-07,TSLA,274.43,280.78,273.77,278.43,113879174
261,2023-07-06,TSLA,276.54,279.97,272.88,278.09,120707419
262,2023-07-05,TSLA,282.48,283.85,277.6,278.82,131530862
263,2023-07-03,TSLA,279.82,284.25,275.11,276.49,119685891
264,2023-06-30,TSLA,261.77,264.45,259.89,260.6,112620784
265,2023-06-29,TSLA,257.5,260.74,253.61,258.03,131283360
266,2023-06-28,TSLA,256.24,259.88,248.89,249.7,159770797
267,2023-06-27,TSLA,250.21,250.3899,240.85,243.24,164968214
268,2023-06-26,TSLA,241.05,258.37,240.7,254.2799,179990552
269,2023-06-23,TSLA,256.6,262.45,252.8,259.29,177460803
270,2023-06-22,TSLA,264.61,265.0,248.25,250.77,166875944
271,2023-06-21,TSLA,259.46,276.99,257.78,275.13,211797109
272,2023-06-20,TSLA,274.45,274.75,261.12,261.5,165611217
273,2023-06-16,TSLA,260.54,263.6,257.2091,258.92,167915649
274,2023-06-15,TSLA,255.9,258.95,247.29,248.4,160171238
275,2023-06-14,TSLA,256.79,261.57,250.5,260.17,170575536
276,2023-06-13,TSLA,258.71,259.68,251.34,253.51,162384343
277,2023-06-12,TSLA,249.83,250.97,244.59,247.94,150740523
278,2023-06-09,TSLA,244.4,252.42,242.02,249.07,200242371
279,2023-06-08,TSLA,234.86,235.23,223.01,224.22,164489739
280,2023-06-07,TSLA,224.57,230.8296,223.2,228.0,185710777
281,2023-06-06,TSLA,221.31,221.91,212.53,216.14,146911576
282,2023-06-05,TSLA,217.61,221.29,214.52,217.8,151143052
283,2023-06-02,TSLA,213.97,217.25,209.752,210.15,164398372
284,2023-06-01,TSLA,207.52,209.8,199.37,202.59,148029931
285,2023-05-31,TSLA,203.93,203.95,195.12,199.78,150711736
286,2023-05-30,TSLA,201.16,204.48,197.53,200.1,128818746
287,2023-05-26,TSLA,193.17,198.6,184.53,184.62,162061496
288,2023-05-25,TSLA,184.47,186.78,180.58,186.54,96870719
289,2023-05-24,TSLA,182.9,184.22,178.22,182.23,137605054
290,2023-05-23,TSLA,185.77,192.96,185.26,186.2,156952130
291,2023-05-22,TSLA,188.87,189.32,180.11,180.7,132001430
292,2023-05-19,TSLA,180.14,181.95,176.31,177.17,136196668
293,2023-05-18,TSLA,176.89,177.06,172.45,174.22,109520332
294,2023-05-17,TSLA,173.86,174.5,167.185,168.41,125473558
295,2023-05-16,TSLA,166.52,169.5184,164.35,165.65,98288792
296,2023-05-15,TSLA,166.35,169.76,164.5499,167.655,105592510
297,2023-05-12,TSLA,167.98,177.38,167.23,176.07,157849625
298,2023-05-11,TSLA,172.08,173.57,166.79,168.7,103889930
299,2023-05-10,TSLA,168.54,174.43,166.68,172.55,119840693
300,2023-05-09,TSLA,169.15,169.82,166.56,168.95,88965043
301,2023-05-08,TSLA,171.79,173.8,169.19,173.72,112249449
302,2023-05-05,TSLA,170.06,170.7899,163.51,163.97,107607259
303,2023-05-04,TSLA,161.2,162.95,159.65,162.71,95108492
304,2023-05-03,TSLA,160.61,165.0,159.91,160.01,119727972
305,2023-05-02,TSLA,160.31,165.49,158.93,161.88,128259744
306,2023-05-01,TSLA,161.83,163.28,158.83,163.17,109015048
307,2023-04-28,TSLA,164.31,165.0,157.32,160.9,122515812
308,2023-04-27,TSLA,160.19,160.48,152.37,152.64,127015177
309,2023-04-26,TSLA,153.75,160.67,153.14,160.29,153364142
310,2023-04-25,TSLA,160.67,163.47,158.75,159.82,121999312
311,2023-04-24,TSLA,162.55,165.65,158.61,164.65,140006559
312,2023-04-21,TSLA,165.08,166.0,161.3208,164.8,123538954
313,2023-04-20,TSLA,162.99,169.7,160.56,166.165,210970819
314,2023-04-19,TSLA,180.59,183.5,177.65,179.1,125732687
315,2023-04-18,TSLA,184.31,187.69,183.5775,187.15,92067016
316,2023-04-17,TSLA,187.04,189.69,182.69,186.32,116662189
317,2023-04-14,TSLA,185.0,186.28,182.01,183.95,96438664
318,2023-04-13,TSLA,185.9,186.5,180.94,182.955,112932985
319,2023-04-12,TSLA,180.54,191.5846,180.31,190.74,150256278
320,2023-04-11,TSLA,186.79,189.19,185.6475,186.69,115770892
321,2023-04-10,TSLA,184.51,185.1,176.11,179.94,142154637
322,2023-04-06,TSLA,185.06,186.39,179.74,183.08,123857932
323,2023-04-05,TSLA,185.52,190.68,183.76,190.515,133882493
324,2023-04-04,TSLA,192.58,198.7446,190.32,197.32,126463845
325,2023-04-03,TSLA,194.77,202.6897,192.2,199.91,169545900
326,2023-03-31,TSLA,207.46,207.79,197.2,197.53,170222118
327,2023-03-30,TSLA,195.28,197.33,194.42,195.58,110252238
328,2023-03-29,TSLA,193.88,195.29,189.44,193.13,123660026
329,2023-03-28,TSLA,189.19,192.35,185.43,192.0,98654635
330,2023-03-27,TSLA,191.81,197.39,189.94,194.415,120851587
331,2023-03-24,TSLA,190.41,192.36,187.15,191.65,116531584
332,2023-03-23,TSLA,192.22,199.31,188.65,195.26,144193876
333,2023-03-22,TSLA,191.15,200.66,190.95,199.3,150376373
334,2023-03-21,TSLA,197.58,198.0,188.04,188.28,153391444
335,2023-03-20,TSLA,183.25,186.44,176.35,178.08,129684359
336,2023-03-17,TSLA,180.13,186.2199,177.33,184.515,133197140
337,2023-03-16,TSLA,184.13,185.81,178.84,180.365,121374453
338,2023-03-15,TSLA,180.45,182.34,176.03,180.8,145995583
339,2023-03-14,TSLA,183.26,183.8,177.1401,177.31,143717897
340,2023-03-13,TSLA,174.48,177.35,163.91,167.455,167790256
341,2023-03-10,TSLA,173.44,178.29,168.44,175.13,191488872
342,2023-03-09,TSLA,172.92,185.18,172.5124,180.25,170023794
343,2023-03-08,TSLA,182.0,186.5,180.0,185.04,151897763
344,2023-03-07,TSLA,187.71,194.2,186.1,191.38,148125790
345,2023-03-06,TSLA,193.81,198.6,192.3,198.54,128100106
346,2023-03-03,TSLA,197.79,200.48,192.88,194.795,154193277
347,2023-03-02,TSLA,190.9,193.7499,186.01,186.74,181979154
348,2023-03-01,TSLA,202.77,207.2,198.52,206.21,156852790
349,2023-02-28,TSLA,205.71,211.23,203.75,210.59,153144912
350,2023-02-27,TSLA,207.63,209.42,201.26,202.03,161028315
351,2023-02-24,TSLA,196.88,197.6695,192.8,196.325,142228105
352,2023-02-23,TSLA,202.07,205.14,196.33,203.91,146359950
353,2023-02-22,TSLA,200.86,201.99,191.78,197.93,191828457
354,2023-02-21,TSLA,197.37,209.71,197.22,204.99,180018588
355,2023-02-17,TSLA,208.31,208.44,197.5,199.985,213738549
356,2023-02-16,TSLA,202.04,217.65,201.84,210.78,229586538
357,2023-02-15,TSLA,214.24,214.66,206.11,211.755,182108581
358,2023-02-14,TSLA,209.25,209.82,189.44,191.94,216455708
359,2023-02-13,TSLA,194.64,196.3,187.61,194.415,172475452
360,2023-02-10,TSLA,196.89,206.2,192.89,202.225,204754129
361,2023-02-09,TSLA,207.32,214.0,204.77,207.775,215431442
362,2023-02-08,TSLA,201.29,203.0,194.31,196.1,180673644
363,2023-02-07,TSLA,196.81,197.5,189.55,196.43,186010325
364,2023-02-06,TSLA,194.76,198.17,189.92,193.01,186188131
365,2023-02-03,TSLA,189.98,199.0,183.69,183.95,232662023
366,2023-02-02,TSLA,188.27,196.7501,182.61,187.325,217448287
367,2023-02-01,TSLA,181.41,183.805,169.93,173.89,213806323
368,2023-01-31,TSLA,173.22,174.3,162.78,164.57,196813541
369,2023-01-30,TSLA,166.66,179.77,166.5,178.05,230878807
370,2023-01-27,TSLA,177.9,180.68,161.17,162.43,306590613
371,2023-01-26,TSLA,160.27,161.42,154.76,159.965,234815090
372,2023-01-25,TSLA,144.43,146.41,138.07,141.905,192734347
373,2023-01-24,TSLA,143.89,146.5,141.1,143.0,158699056
374,2023-01-23,TSLA,143.75,145.3793,134.27,135.87,203119211
375,2023-01-20,TSLA,133.42,133.51,127.3466,128.68,138858136
376,2023-01-19,TSLA,127.17,129.99,124.3082,127.26,170291880
377,2023-01-18,TSLA,128.78,136.68,127.01,136.555,195680318
378,2023-01-17,TSLA,131.49,131.7,125.02,125.695,186476985
379,2023-01-13,TSLA,122.4,122.63,115.6,116.55,180714119
380,2023-01-12,TSLA,123.56,124.1311,117.0,122.56,169400913
381,2023-01-11,TSLA,123.22,125.95,120.51,122.09,183810771
382,2023-01-10,TSLA,118.85,122.76,114.92,121.07,167642485
383,2023-01-09,TSLA,119.77,123.52,117.11,118.96,190283951
384,2023-01-06,TSLA,113.06,114.39,101.81,103.0,220911051
385,2023-01-05,TSLA,110.34,111.75,107.1601,110.51,157986324
386,2023-01-04,TSLA,113.64,114.59,107.52,109.11,180388976
387,2023-01-03,TSLA,108.1,118.8,104.64,118.47,231402818
388,2022-12-30,TSLA,123.18,124.48,119.75,119.95,157777339
389,2022-12-29,TSLA,121.82,123.57,117.495,120.385,221923313
390,2022-12-28,TSLA,112.71,116.27,108.24,110.35,221070537
391,2022-12-27,TSLA,109.1,119.67,108.76,117.495,208643444
392,2022-12-23,TSLA,123.15,128.6173,121.02,126.37,166989688
393,2022-12-22,TSLA,125.35,136.63,122.26,136.0,210090250
394,2022-12-21,TSLA,137.57,141.26,135.89,139.335,145417412
395,2022-12-20,TSLA,137.8,148.47,137.66,146.05,159563267
396,2022-12-19,TSLA,149.87,155.25,145.82,154.0,139390634
397,2022-12-16,TSLA,150.23,160.99,150.04,159.635,139032175
398,2022-12-15,TSLA,157.67,160.9299,153.28,153.44,122334459
399,2022-12-14,TSLA,156.8,161.62,155.31,159.25,140682338
400,2022-12-13,TSLA,160.95,175.05,156.91,174.87,175862722
401,2022-12-12,TSLA,167.82,177.37,167.52,176.1,109794471
402,2022-12-09,TSLA,179.05,182.5,173.36,173.84,104872336
403,2022-12-08,TSLA,173.44,175.2,169.06,172.2,97624491
404,2022-12-07,TSLA,174.04,179.38,172.218,175.03,84213284
405,2022-12-06,TSLA,179.82,183.65,175.33,181.215,92150823
406,2022-12-05,TSLA,182.45,191.27,180.55,189.44,93122667
407,2022-12-02,TSLA,194.86,196.25,191.11,191.78,73645922
408,2022-12-01,TSLA,194.7,198.92,191.8,197.08,80046213
409,2022-11-30,TSLA,194.7,194.76,180.6301,182.43,109186404
410,2022-11-29,TSLA,180.83,186.38,178.75,184.99,83357111
411,2022-11-28,TSLA,182.92,188.5,179.0,179.96,93038148
412,2022-11-25,TSLA,182.86,185.2,180.63,185.06,50672739
413,2022-11-23,TSLA,183.2,183.62,172.5,173.57,109536709
414,2022-11-22,TSLA,169.91,170.92,166.185,168.63,78452327
415,2022-11-21,TSLA,167.87,176.77,167.54,175.85,92882712
416,2022-11-18,TSLA,180.19,185.19,176.55,185.05,76048866
417,2022-11-17,TSLA,183.17,186.16,180.9,183.96,64335970
418,2022-11-16,TSLA,186.92,192.57,185.66,191.51,66567599
419,2022-11-15,TSLA,194.42,200.8237,192.06,195.88,91293785
420,2022-11-14,TSLA,190.95,195.73,186.34,192.77,92226649
421,2022-11-11,TSLA,195.97,196.52,182.59,186.0,114403575
422,2022-11-10,TSLA,190.72,191.0,180.03,189.9,132703015
423,2022-11-09,TSLA,177.59,195.89,177.12,190.775,127062659
424,2022-11-08,TSLA,191.3,195.2,186.75,194.02,128803404
425,2022-11-07,TSLA,197.08,208.9,196.66,208.65,93916520
426,2022-11-04,TSLA,207.47,223.8,203.08,222.6,98622212
427,2022-11-03,TSLA,215.31,221.2,210.14,211.36,56538848
428,2022-11-02,TSLA,214.98,227.8699,214.82,226.04,63070293
429,2022-11-01,TSLA,227.82,237.3951,227.28,234.05,62688822
430,2022-10-31,TSLA,227.54,229.85,221.94,226.19,61554341
431,2022-10-28,TSLA,228.52,228.86,216.35,225.4,69152386
432,2022-10-27,TSLA,225.09,233.81,222.85,229.77,61638824
433,2022-10-26,TSLA,224.64,230.6,218.2,219.4,85327078
434,2022-10-25,TSLA,222.415,224.3498,210.0,210.1,96507870
435,2022-10-24,TSLA,211.25,213.5,198.5863,205.82,100446765
436,2022-10-21,TSLA,214.44,214.66,203.8,206.415,75713754
437,2022-10-20,TSLA,207.28,215.55,202.0,208.28,117798062
438,2022-10-19,TSLA,222.04,222.93,217.78,219.8,66571479
439,2022-10-18,TSLA,220.19,229.82,217.25,229.5,75891905
440,2022-10-17,TSLA,219.35,221.86,209.45,210.04,79428810
441,2022-10-14,TSLA,204.99,226.26,204.16,224.01,94124511
442,2022-10-13,TSLA,221.72,222.99,206.22,208.3,91483045
443,2022-10-12,TSLA,217.24,219.2999,211.51,215.33,66860699
444,2022-10-11,TSLA,216.5,225.75,215.0,220.945,77013202
445,2022-10-10,TSLA,222.96,226.99,218.3582,223.93,67925018
446,2022-10-07,TSLA,223.07,234.5715,222.02,233.935,83916800
447,2022-10-06,TSLA,238.13,244.58,235.35,239.44,69298437
448,2022-10-05,TSLA,240.81,246.6697,233.27,245.01,86982673
449,2022-10-04,TSLA,249.44,257.5,242.01,250.53,109578535
450,2022-10-03,TSLA,242.4,255.16,241.01,254.5,98363541
451,2022-09-30,TSLA,265.25,275.57,262.47,266.145,67726598
452,2022-09-29,TSLA,268.21,283.65,265.78,282.76,77620642
453,2022-09-28,TSLA,287.81,289.0,277.57,283.08,54664809
454,2022-09-27,TSLA,282.94,288.67,277.51,283.84,61925185
455,2022-09-26,TSLA,276.01,284.09,270.31,271.83,58076913
456,2022-09-23,TSLA,275.33,284.5,272.82,283.09,63748362
457,2022-09-22,TSLA,288.59,301.29,285.82,299.86,70545413
458,2022-09-21,TSLA,300.8,313.8,300.63,308.29,62555656
459,2022-09-20,TSLA,308.73,313.33,305.58,306.91,61642783
460,2022-09-19,TSLA,309.07,309.84,297.8,300.09,60231156
461,2022-09-16,TSLA,303.35,303.71,295.6005,299.605,87087786
462,2022-09-15,TSLA,303.75,309.12,300.7247,301.825,64795523
463,2022-09-14,TSLA,302.61,306.0,291.64,292.13,72628653
464,2022-09-13,TSLA,292.13,297.3999,290.4,292.9,68229619
465,2022-09-12,TSLA,304.42,305.49,300.4,300.72,48674604
466,2022-09-09,TSLA,299.68,299.85,291.245,291.67,54470854
467,2022-09-08,TSLA,289.26,289.5,279.76,281.3,53713124
468,2022-09-07,TSLA,283.7,283.84,272.27,273.1,50028916
469,2022-09-06,TSLA,274.42,275.99,265.74,272.675,55859984
470,2022-09-02,TSLA,270.21,282.35,269.08,281.065,50890090
471,2022-09-01,TSLA,277.16,277.58,266.15,272.575,54287024
472,2022-08-31,TSLA,275.61,281.25,271.81,280.62,52107337
473,2022-08-30,TSLA,277.7,288.48,272.65,287.865,50541759
474,2022-08-29,TSLA,284.82,287.74,280.7,282.83,41864742
475,2022-08-26,TSLA,288.09,302.0,287.47,297.43,57163947
476,2022-08-25,TSLA,296.07,302.96,291.6,302.36,53230013
477,2022-08-24,TSLA,297.097,303.647,296.5,297.563,57259716
478,2022-08-23,TSLA,296.453,298.827,287.923,291.453,63985044
479,2022-08-22,TSLA,289.913,292.4,286.297,291.913,55843347
480,2022-08-19,TSLA,296.667,300.36,292.5,299.0,61395387
481,2022-08-18,TSLA,302.87,306.5,301.853,306.0,47500536
482,2022-08-17,TSLA,303.997,309.657,300.033,303.397,68765970
483,2022-08-16,TSLA,306.563,314.667,302.883,311.667,88136322
484,2022-08-15,TSLA,309.32,313.133,301.23,301.787,89359167
485,2022-08-12,TSLA,300.03,300.16,285.033,289.415,79657287
486,2022-08-11,TSLA,286.63,298.237,285.833,296.513,70155045
487,2022-08-10,TSLA,294.357,297.51,283.37,297.067,94918872
488,2022-08-09,TSLA,283.333,292.397,279.353,290.293,86244681
489,2022-08-08,TSLA,290.423,305.2,289.085,295.0,99365274
490,2022-08-05,TSLA,288.17,304.607,285.545,302.67,113172897
491,2022-08-04,TSLA,308.633,313.607,305.0,311.0,72256317
492,2022-08-03,TSLA,307.397,309.55,301.15,305.0,80091105
493,2022-08-02,TSLA,300.587,307.833,292.667,294.003,95577468
494,2022-08-01,TSLA,297.277,311.878,295.0,301.275,117042888
495,2022-07-29,TSLA,297.15,298.32,279.1,280.7,95312883
496,2022-07-28,TSLA,280.9,283.3,272.8,280.067,84722991
497,2022-07-27,TSLA,274.82,275.926,261.79,263.81,88109988
498,2022-07-26,TSLA,258.86,267.31,256.263,266.513,66820758
499,2022-07-25,TSLA,268.433,274.147,267.4,272.217,64073505
500,2022-07-22,TSLA,272.243,280.787,270.713,276.22,103472847
501,2022-07-21,TSLA,271.707,273.267,254.867,255.107,142032177
502,2022-07-20,TSLA,247.5,250.663,243.483,246.783,88864089
503,2022-07-19,TSLA,245.53,247.14,236.977,245.0,80890110
504,2022-07-18,TSLA,240.547,250.517,239.603,244.937,82537428
505,2022-07-15,TSLA,240.067,243.623,236.89,240.0,69683019
506,2022-07-14,TSLA,238.313,238.653,229.333,234.897,78557499
507,2022-07-13,TSLA,237.04,242.06,225.033,225.5,97954497
508,2022-07-12,TSLA,233.07,239.773,228.368,236.847,87930960
509,2022-07-11,TSLA,234.343,253.063,233.627,252.103,99509220
510,2022-07-08,TSLA,250.763,254.98,241.161,242.333,101854086
511,2022-07-07,TSLA,244.543,245.362,232.21,233.92,81930690
512,2022-07-06,TSLA,231.733,234.563,227.187,230.78,71853630
513,2022-07-05,TSLA,233.067,233.147,216.167,223.0,84779112
514,2022-07-01,TSLA,227.263,230.23,222.12,227.0,74460444
515,2022-06-30,TSLA,224.473,229.457,218.863,224.51,94600452
516,2022-06-29,TSLA,228.49,231.173,222.273,230.5,82897254
517,2022-06-28,TSLA,232.663,249.97,232.343,244.483,90666501
518,2022-06-27,TSLA,244.92,252.07,242.566,249.367,89178312
519,2022-06-24,TSLA,245.707,246.067,236.087,237.468,95770695
520,2022-06-23,TSLA,235.07,239.317,228.637,237.905,104202678
521,2022-06-22,TSLA,236.087,246.833,233.827,234.503,101527260
522,2022-06-21,TSLA,237.037,243.577,224.333,224.603,122792955
523,2022-06-17,TSLA,216.76,220.969,213.197,213.433,92641770
524,2022-06-16,TSLA,213.1,225.167,208.693,222.737,107390700
525,2022-06-15,TSLA,233.0,235.663,218.15,220.917,119131935
526,2022-06-14,TSLA,220.89,226.33,211.737,218.287,97988796
527,2022-06-13,TSLA,215.737,226.633,214.683,223.167,102767262
528,2022-06-10,TSLA,232.23,239.5,227.913,235.157,98090898
529,2022-06-09,TSLA,239.707,255.547,239.327,249.34,96491307
530,2022-06-08,TSLA,241.867,249.963,239.177,240.087,76210620
531,2022-06-07,TSLA,238.887,239.997,230.093,234.0,72808602
532,2022-06-06,TSLA,238.28,244.867,234.35,244.353,84204522
533,2022-06-03,TSLA,234.517,247.797,233.418,243.225,112393737
534,2022-06-02,TSLA,258.333,264.21,242.067,244.157,93473118
535,2022-06-01,TSLA,246.79,257.327,243.64,251.72,77247963
536,2022-05-31,TSLA,252.753,259.6,244.743,257.947,101914371
537,2022-05-27,TSLA,253.21,253.267,240.177,241.083,89294982
538,2022-05-26,TSLA,235.91,239.557,217.887,220.473,106003344
539,2022-05-25,TSLA,219.6,223.107,207.67,207.95,92139324
540,2022-05-24,TSLA,209.387,217.973,206.857,217.843,89092515
541,2022-05-23,TSLA,224.967,226.652,212.687,218.34,88903638
542,2022-05-20,TSLA,221.3,240.527,211.0,237.997,144973305
543,2022-05-19,TSLA,236.473,244.667,231.37,235.667,90296673
544,2022-05-18,TSLA,236.603,253.5,233.603,248.173,87811812
545,2022-05-17,TSLA,253.87,254.827,242.95,249.12,80236110
546,2022-05-16,TSLA,241.457,256.587,239.696,255.72,86098539
547,2022-05-13,TSLA,256.53,262.45,250.522,257.827,92150724
548,2022-05-12,TSLA,242.667,253.22,226.667,233.667,140312862
549,2022-05-11,TSLA,244.667,269.923,242.4,265.0,97224459
550,2022-05-10,TSLA,266.68,275.12,258.083,273.103,84401631
551,2022-05-09,TSLA,262.37,281.877,260.383,278.817,90810222
552,2022-05-06,TSLA,288.55,296.0,281.035,295.667,72903111
553,2022-05-05,TSLA,291.093,315.2,285.9,313.07,92519193
554,2022-05-04,TSLA,317.54,318.5,295.093,301.313,81643704
555,2022-05-03,TSLA,303.083,308.027,296.197,301.06,63709575
556,2022-05-02,TSLA,300.98,302.12,282.677,286.923,75781371
557,2022-04-29,TSLA,290.253,311.467,290.0,300.75,88132995
558,2022-04-28,TSLA,292.503,300.0,273.9,299.993,124948527
559,2022-04-27,TSLA,293.837,306.0,292.453,299.527,76956396
560,2022-04-26,TSLA,292.14,333.333,291.667,331.81,136133667
561,2022-04-25,TSLA,332.673,336.207,325.1,326.323,68341335
562,2022-04-22,TSLA,335.017,344.95,331.333,338.303,69696558
563,2022-04-21,TSLA,336.26,364.073,332.138,358.243,105416337
564,2022-04-20,TSLA,325.733,344.667,325.083,343.333,70711326
565,2022-04-19,TSLA,342.717,344.98,331.775,335.02,49847832
566,2022-04-18,TSLA,334.763,338.307,324.47,329.677,51715221
567,2022-04-14,TSLA,328.333,337.57,327.397,333.097,58422405
568,2022-04-13,TSLA,340.79,342.08,324.366,327.025,55121211
569,2022-04-12,TSLA,328.983,340.397,325.533,332.547,65976096
570,2022-04-11,TSLA,325.31,336.156,324.88,326.8,59357205
571,2022-04-08,TSLA,341.83,349.48,340.812,347.737,55013688
572,2022-04-07,TSLA,352.42,358.863,340.513,350.797,79447059
573,2022-04-06,TSLA,348.587,359.667,342.567,357.823,89348535
574,2022-04-05,TSLA,363.753,384.29,362.433,378.767,80075019
575,2022-04-04,TSLA,381.817,383.303,357.51,363.127,82177701
576,2022-04-01,TSLA,361.53,364.917,355.547,360.383,54263223
577,2022-03-31,TSLA,359.2,367.713,358.88,364.857,48992757
578,2022-03-30,TSLA,364.663,371.317,361.333,363.723,59865006
579,2022-03-29,TSLA,366.523,371.59,357.703,369.33,73614819
580,2022-03-28,TSLA,363.947,365.96,351.2,355.033,102506079
581,2022-03-25,TSLA,336.88,340.6,332.44,336.0,62031546
582,2022-03-24,TSLA,337.973,341.497,329.6,336.577,68920878
583,2022-03-23,TSLA,333.037,346.9,325.467,326.647,120676149
584,2022-03-22,TSLA,331.327,332.62,307.25,310.0,105868557
585,2022-03-21,TSLA,307.053,314.283,302.363,304.993,81981648
586,2022-03-18,TSLA,301.797,302.617,289.13,291.497,100414191
587,2022-03-17,TSLA,290.533,291.667,275.239,276.997,66582972
588,2022-03-16,TSLA,280.077,280.667,267.42,269.667,84028821
589,2022-03-15,TSLA,267.297,268.523,252.19,258.423,66841143
590,2022-03-14,TSLA,255.457,266.9,252.013,260.203,71152263
591,2022-03-11,TSLA,265.117,281.267,264.59,280.066,67037166
592,2022-03-10,TSLA,279.433,284.817,270.12,283.817,58648644
593,2022-03-09,TSLA,286.323,286.853,277.337,279.827,59183979
594,2022-03-08,TSLA,274.8,283.33,260.723,265.177,80399106
595,2022-03-07,TSLA,268.193,288.713,268.19,285.433,72494172
596,2022-03-04,TSLA,279.43,285.217,275.054,283.033,67179861
597,2022-03-03,TSLA,279.763,295.48,277.533,292.923,61623507
598,2022-03-02,TSLA,293.297,295.493,281.424,290.71,74643438
599,2022-03-01,TSLA,288.123,296.627,284.593,289.893,74766861
600,2022-02-28,TSLA,290.143,292.287,271.569,271.67,99006867
601,2022-02-25,TSLA,269.957,273.167,260.8,269.743,76067763
602,2022-02-24,TSLA,266.923,267.493,233.333,233.463,135322275
603,2022-02-23,TSLA,254.68,278.433,253.52,276.81,95257008
604,2022-02-22,TSLA,273.843,285.578,267.033,278.043,83288202
605,2022-02-18,TSLA,285.66,295.623,279.203,295.333,68501841
606,2022-02-17,TSLA,292.117,306.167,291.367,304.42,55178418
607,2022-02-16,TSLA,307.797,308.81,300.403,304.683,51294396
608,2022-02-15,TSLA,307.477,307.667,297.792,300.0,57649542
609,2022-02-14,TSLA,291.92,299.627,284.383,287.19,67756416
610,2022-02-11,TSLA,286.667,305.32,283.567,303.21,79645869
611,2022-02-10,TSLA,301.517,314.603,298.9,302.79,66126831
612,2022-02-09,TSLA,310.667,315.423,306.667,311.667,52259544
613,2022-02-08,TSLA,307.333,308.763,298.267,301.843,50729013
614,2022-02-07,TSLA,302.447,315.923,300.903,307.93,60994464
615,2022-02-04,TSLA,307.773,312.167,293.723,299.073,73625466
616,2022-02-03,TSLA,297.047,312.333,293.507,294.0,78855558
617,2022-02-02,TSLA,301.887,310.5,296.47,309.393,66793035
618,2022-02-01,TSLA,310.417,314.567,301.667,311.737,73138338
619,2022-01-31,TSLA,312.24,312.663,287.35,290.903,104436096
620,2022-01-28,TSLA,282.117,285.833,264.003,277.187,134788950
621,2022-01-27,TSLA,276.367,311.797,276.333,311.12,147109569
622,2022-01-26,TSLA,312.47,329.23,302.0,317.477,104867283
623,2022-01-25,TSLA,306.133,317.087,301.07,304.733,86595906
624,2022-01-24,TSLA,310.0,311.171,283.823,301.587,152375142
625,2022-01-21,TSLA,314.633,334.85,313.5,332.113,103416027
626,2022-01-20,TSLA,332.09,347.22,331.333,336.577,70488744
627,2022-01-19,TSLA,331.883,351.557,331.667,347.235,75442488
628,2022-01-18,TSLA,343.503,356.93,338.687,342.202,66989409
629,2022-01-14,TSLA,349.87,350.667,337.793,339.96,72924411
630,2022-01-13,TSLA,343.853,371.867,342.18,369.688,97209792
631,2022-01-12,TSLA,368.74,371.613,357.53,359.617,83739015
632,2022-01-11,TSLA,354.8,358.617,346.273,351.223,66063210
633,2022-01-10,TSLA,352.707,353.033,326.667,333.333,91814877
634,2022-01-07,TSLA,342.32,360.31,336.667,360.123,84164748
635,2022-01-06,TSLA,354.9,362.667,340.167,359.0,90336474
636,2022-01-05,TSLA,362.707,390.113,360.337,382.217,80119797
637,2022-01-04,TSLA,383.197,402.667,374.35,396.517,100248258
638,2022-01-03,TSLA,399.927,400.357,378.68,382.583,104686047
639,2021-12-31,TSLA,352.26,360.667,351.53,357.815,40733625
640,2021-12-30,TSLA,356.78,365.183,351.05,353.777,47040939
641,2021-12-29,TSLA,362.063,368.0,354.713,366.213,56154045
642,2021-12-28,TSLA,362.823,373.0,359.473,369.83,60323907
643,2021-12-27,TSLA,364.647,372.333,356.905,357.89,71145819
644,2021-12-23,TSLA,355.667,357.659,332.52,335.6,92713287
645,2021-12-22,TSLA,336.29,338.553,319.017,321.887,93634086
646,2021-12-21,TSLA,312.843,313.167,295.373,305.623,71517915
647,2021-12-20,TSLA,299.98,307.229,297.797,303.567,56480013
648,2021-12-17,TSLA,310.857,320.22,303.013,304.923,100880262
649,2021-12-16,TSLA,308.973,331.66,307.283,331.5,82771449
650,2021-12-15,TSLA,325.33,326.25,309.417,317.737,75169230
651,2021-12-14,TSLA,319.503,322.137,310.0,315.0,70806270
652,2021-12-13,TSLA,322.137,335.0,317.14,333.697,78595506
653,2021-12-10,TSLA,339.01,340.327,327.51,336.25,59664366
654,2021-12-09,TSLA,334.6,354.163,334.12,353.547,59438496
655,2021-12-08,TSLA,356.32,357.46,344.333,350.903,41906370
656,2021-12-07,TSLA,350.583,352.558,342.27,348.067,56084571
657,2021-12-06,TSLA,336.337,340.547,316.833,333.837,81663111
658,2021-12-03,TSLA,338.323,363.525,333.403,361.597,92321985
659,2021-12-02,TSLA,361.533,371.0,352.217,366.353,73114869
660,2021-12-01,TSLA,365.0,390.947,363.587,386.898,68804094
661,2021-11-30,TSLA,381.587,389.333,372.667,381.457,81276114
662,2021-11-29,TSLA,378.997,380.89,366.73,366.997,58393401
663,2021-11-26,TSLA,360.64,369.594,360.333,366.49,35042670
664,2021-11-24,TSLA,372.0,377.59,354.0,360.13,67680714
665,2021-11-23,TSLA,369.677,393.5,354.233,389.17,108515100
666,2021-11-22,TSLA,385.623,400.65,377.477,387.443,99217527
667,2021-11-19,TSLA,379.02,379.573,364.233,366.29,64926774
668,2021-11-18,TSLA,365.46,370.667,358.34,368.85,62696790
669,2021-11-17,TSLA,363.003,373.213,351.833,354.503,94336095
670,2021-11-16,TSLA,351.577,352.4,334.06,334.437,79627077
671,2021-11-15,TSLA,337.797,343.993,326.2,339.21,104326947
672,2021-11-12,TSLA,344.473,351.5,339.733,349.167,76719444
673,2021-11-11,TSLA,354.503,368.323,351.56,367.59,67189704
674,2021-11-10,TSLA,355.983,359.367,329.103,336.803,128408166
675,2021-11-09,TSLA,341.167,391.5,337.173,391.2,177317508
676,2021-11-08,TSLA,387.647,399.0,377.667,383.262,100337145
677,2021-11-05,TSLA,407.363,413.29,402.667,409.333,64886436
678,2021-11-04,TSLA,409.97,414.497,405.667,411.47,76192230
679,2021-11-03,TSLA,404.62,405.13,384.207,392.443,103885557
680,2021-11-02,TSLA,390.667,402.863,382.0,386.452,128213391
681,2021-11-01,TSLA,402.863,403.25,372.887,381.667,168146148
682,2021-10-29,TSLA,371.333,371.737,357.735,360.62,89755251
683,2021-10-28,TSLA,359.013,360.333,351.4,356.102,81639519
684,2021-10-27,TSLA,345.953,356.96,343.593,346.553,115579377
685,2021-10-26,TSLA,339.477,364.98,333.813,341.563,187244904
686,2021-10-25,TSLA,341.62,348.34,314.733,316.843,188556297
687,2021-10-22,TSLA,303.227,303.333,296.987,298.5,68642505
688,2021-10-21,TSLA,298.0,300.0,285.168,285.333,94444362
689,2021-10-20,TSLA,288.6,289.83,285.793,288.45,42096156
690,2021-10-19,TSLA,288.09,292.65,287.503,292.51,52143384
691,2021-10-18,TSLA,290.037,291.753,283.823,283.93,72621732
692,2021-10-15,TSLA,281.01,281.07,274.117,274.579,56773701
693,2021-10-14,TSLA,272.773,273.417,271.117,271.83,36741510
694,2021-10-13,TSLA,270.36,271.803,268.593,270.157,42360225
695,2021-10-12,TSLA,268.573,270.773,265.523,266.977,66060120
696,2021-10-11,TSLA,263.98,267.08,261.833,262.55,42600966
697,2021-10-08,TSLA,261.83,265.46,260.303,265.403,50215812
698,2021-10-07,TSLA,264.537,268.333,261.127,261.82,57587346
699,2021-10-06,TSLA,260.917,262.22,257.74,258.733,43898304
700,2021-10-05,TSLA,260.197,265.77,258.067,261.599,55297875
701,2021-10-04,TSLA,260.51,268.99,258.707,265.5,91450023
702,2021-10-01,TSLA,258.407,260.26,254.53,259.467,51094242
703,2021-09-30,TSLA,258.493,263.044,258.333,260.333,53867883
704,2021-09-29,TSLA,260.437,264.5,256.893,259.933,62828631
705,2021-09-28,TSLA,259.187,265.213,255.393,262.4,76144266
706,2021-09-27,TSLA,263.787,266.333,256.437,257.707,84211971
707,2021-09-24,TSLA,258.13,258.267,248.187,248.63,64119066
708,2021-09-23,TSLA,251.213,252.733,249.307,251.667,35842581
709,2021-09-22,TSLA,250.647,251.223,246.373,247.842,45378816
710,2021-09-21,TSLA,246.46,248.247,243.48,244.93,48992169
711,2021-09-20,TSLA,243.39,247.333,239.542,244.853,74272956
712,2021-09-17,TSLA,253.163,253.68,250.0,252.383,84612528
713,2021-09-16,TSLA,252.33,252.97,249.203,250.943,41770179
714,2021-09-15,TSLA,251.943,252.287,246.12,248.333,46073055
715,2021-09-14,TSLA,248.163,251.49,245.467,247.523,55574643
716,2021-09-13,TSLA,247.667,248.26,236.283,246.738,68857446
717,2021-09-10,TSLA,245.423,254.203,244.84,253.2,45552510
718,2021-09-09,TSLA,251.62,254.033,250.543,251.137,42233193
719,2021-09-08,TSLA,251.29,254.817,246.924,253.86,56379108
720,2021-09-07,TSLA,250.973,253.4,246.42,246.667,60119475
721,2021-09-03,TSLA,244.523,244.667,241.4,244.083,45813135
722,2021-09-02,TSLA,244.13,246.99,243.513,244.833,38390217
723,2021-09-01,TSLA,244.697,247.33,243.757,244.693,39613005
724,2021-08-31,TSLA,245.24,246.797,242.147,244.333,62566308
725,2021-08-30,TSLA,243.637,243.667,237.577,238.238,55812660
726,2021-08-27,TSLA,237.307,238.333,234.033,235.0,41501289
727,2021-08-26,TSLA,233.72,238.467,232.54,236.103,39642876
728,2021-08-25,TSLA,237.067,238.99,234.667,235.677,37936686
729,2021-08-24,TSLA,236.163,238.407,234.213,236.893,39249213
730,2021-08-23,TSLA,235.433,237.377,226.917,228.481,60794577
731,2021-08-20,TSLA,226.753,230.71,224.567,227.617,44525595
732,2021-08-19,TSLA,224.49,228.85,222.53,226.07,42940458
733,2021-08-18,TSLA,229.663,231.923,223.117,223.249,61048125
734,2021-08-17,TSLA,221.903,224.86,216.28,224.217,71163837
735,2021-08-16,TSLA,228.723,236.5,225.467,235.023,69309909
736,2021-08-13,TSLA,239.057,243.3,238.113,241.237,50194401
737,2021-08-12,TSLA,240.75,240.933,233.133,235.447,53045058
738,2021-08-11,TSLA,235.94,238.393,234.737,237.57,29401674
739,2021-08-10,TSLA,236.663,238.863,233.96,237.997,40296915
740,2021-08-09,TSLA,237.92,239.677,235.043,236.723,44146047
741,2021-08-06,TSLA,233.033,238.777,232.543,237.3,46869147
742,2021-08-05,TSLA,238.21,240.317,237.137,238.667,38758911
743,2021-08-04,TSLA,236.973,241.633,236.31,237.0,51007941
744,2021-08-03,TSLA,236.58,240.883,233.67,239.667,64860759
745,2021-08-02,TSLA,236.557,242.313,232.8,233.333,100847295
746,2021-07-30,TSLA,229.067,232.51,223.0,223.919,88969233
747,2021-07-29,TSLA,225.783,227.897,216.267,216.597,91183911
748,2021-07-28,TSLA,215.66,218.323,213.133,215.665,48019788
749,2021-07-27,TSLA,214.927,222.167,209.08,221.133,98439870
750,2021-07-26,TSLA,219.207,222.733,215.703,216.99,76009668
751,2021-07-23,TSLA,214.46,216.267,212.433,215.453,43814832
752,2021-07-22,TSLA,216.42,220.723,214.867,218.814,45317181
753,2021-07-21,TSLA,218.43,221.62,216.763,219.87,41860014
754,2021-07-20,TSLA,220.167,220.797,213.5,217.33,46461381
755,2021-07-19,TSLA,215.407,215.733,207.097,209.963,63891270
756,2021-07-16,TSLA,214.74,218.9,214.067,218.227,49112910
757,2021-07-15,TSLA,216.867,222.047,212.627,219.463,60628713
758,2021-07-14,TSLA,217.793,226.203,217.613,223.583,64923570
759,2021-07-13,TSLA,222.847,231.093,222.099,228.773,62898276
760,2021-07-12,TSLA,228.567,229.08,220.72,220.733,77781126
761,2021-07-09,TSLA,218.983,219.637,214.897,217.728,54421644
762,2021-07-08,TSLA,217.603,218.143,206.82,209.457,68319948
763,2021-07-07,TSLA,214.883,221.9,212.773,221.423,56375880
764,2021-07-06,TSLA,219.86,228.0,217.133,227.237,69853350
765,2021-07-02,TSLA,226.3,233.333,224.42,226.327,81292122
766,2021-07-01,TSLA,225.973,229.33,224.267,227.973,55903566
767,2021-06-30,TSLA,226.567,230.937,226.047,226.59,56774586
768,2021-06-29,TSLA,226.92,229.17,225.297,228.217,52143939
769,2021-06-28,TSLA,229.573,231.567,223.44,223.88,64884477
770,2021-06-25,TSLA,223.957,231.27,222.9,229.86,97490121
771,2021-06-24,TSLA,226.607,232.54,222.537,224.997,137947158
772,2021-06-23,TSLA,218.857,219.068,210.013,210.667,93297684
773,2021-06-22,TSLA,207.903,209.523,205.167,206.083,57476676
774,2021-06-21,TSLA,206.943,210.463,202.96,208.16,74438223
775,2021-06-18,TSLA,207.77,209.45,203.933,204.457,73682715
776,2021-06-17,TSLA,205.533,207.157,200.447,200.629,68104050
777,2021-06-16,TSLA,201.623,202.833,197.833,199.178,66432381
778,2021-06-15,TSLA,199.787,205.597,199.41,205.563,53292435
779,2021-06-14,TSLA,205.897,208.497,203.06,204.077,61271949
780,2021-06-11,TSLA,203.297,204.187,200.507,203.41,48615909
781,2021-06-10,TSLA,203.373,205.53,200.167,201.293,71758818
782,2021-06-09,TSLA,199.593,203.93,199.21,200.723,49753698
783,2021-06-08,TSLA,201.197,207.697,198.5,207.67,78160215
784,2021-06-07,TSLA,201.71,203.333,194.293,197.275,67631046
785,2021-06-04,TSLA,199.683,200.203,192.4,193.237,72110688
786,2021-06-03,TSLA,190.947,201.517,190.407,200.6,90335679
787,2021-06-02,TSLA,201.707,207.787,199.713,206.71,69908337
788,2021-06-01,TSLA,207.967,211.267,206.85,209.267,54254670
789,2021-05-28,TSLA,208.407,211.863,207.46,209.5,68211114
790,2021-05-27,TSLA,210.283,210.377,205.403,206.747,79111779
791,2021-05-26,TSLA,206.377,208.723,200.5,202.52,85917915
792,2021-05-25,TSLA,201.563,204.663,198.57,202.437,84017799
793,2021-05-24,TSLA,202.147,204.827,191.217,193.867,103674267
794,2021-05-21,TSLA,193.627,198.893,193.333,198.703,78091785
795,2021-05-20,TSLA,195.593,196.283,190.357,191.667,92463357
796,2021-05-19,TSLA,187.82,188.737,182.327,184.183,118735185
797,2021-05-18,TSLA,192.623,198.75,187.793,189.333,110491701
798,2021-05-17,TSLA,192.277,196.577,187.067,191.851,97171080
799,2021-05-14,TSLA,196.58,197.623,190.153,194.47,100112568
800,2021-05-13,TSLA,190.563,202.153,186.55,200.515,132554748
801,2021-05-12,TSLA,196.63,206.803,195.588,200.83,101470938
802,2021-05-11,TSLA,205.733,209.033,198.533,199.747,139511688
803,2021-05-10,TSLA,209.68,221.683,209.203,221.633,94177251
804,2021-05-07,TSLA,224.123,230.0,220.073,221.933,70407516
805,2021-05-06,TSLA,221.18,227.007,216.667,226.92,83353857
806,2021-05-05,TSLA,223.647,228.432,222.447,227.02,65705682
807,2021-05-04,TSLA,224.533,227.815,219.234,226.313,89217957
808,2021-05-03,TSLA,228.3,235.333,226.833,234.6,81129429
809,2021-04-30,TSLA,236.48,238.49,222.047,222.53,122276166
810,2021-04-29,TSLA,225.667,234.083,222.833,233.17,86536347
811,2021-04-28,TSLA,231.467,236.167,231.2,232.137,66813141
812,2021-04-27,TSLA,234.913,241.333,234.45,239.32,88310985
813,2021-04-26,TSLA,246.067,249.767,244.202,247.0,93115506
814,2021-04-23,TSLA,243.133,245.787,238.487,239.933,85241667
815,2021-04-22,TSLA,239.897,251.257,239.347,247.167,106770765
816,2021-04-21,TSLA,248.04,248.28,232.667,234.923,93646542
817,2021-04-20,TSLA,239.663,245.75,236.895,239.14,106827114
818,2021-04-19,TSLA,238.21,241.8,230.6,239.867,119058678
819,2021-04-16,TSLA,246.593,249.803,241.533,242.883,83938578
820,2021-04-15,TSLA,246.283,247.897,240.437,247.7,83546700
821,2021-04-14,TSLA,244.077,260.263,242.677,256.9,147052302
822,2021-04-13,TSLA,254.107,254.333,236.887,237.567,133958424
823,2021-04-12,TSLA,233.993,234.933,227.363,228.567,87407010
824,2021-04-09,TSLA,225.673,226.99,223.143,225.923,64311261
825,2021-04-08,TSLA,227.933,229.85,223.882,225.793,71772987
826,2021-04-07,TSLA,223.657,230.46,222.613,229.0,78928299
827,2021-04-06,TSLA,230.54,232.183,227.123,230.1,84815517
828,2021-04-05,TSLA,230.35,236.053,228.233,235.903,125528301
829,2021-04-01,TSLA,220.583,230.807,219.807,229.457,105895134
830,2021-03-31,TSLA,222.643,224.0,213.703,215.54,100011864
831,2021-03-30,TSLA,211.873,212.553,197.003,200.583,118297077
832,2021-03-29,TSLA,203.763,205.493,198.673,205.213,85910955
833,2021-03-26,TSLA,206.237,214.607,199.963,213.957,101558481
834,2021-03-25,TSLA,213.463,215.167,203.167,204.333,117674550
835,2021-03-24,TSLA,210.09,222.673,210.037,222.637,101385522
836,2021-03-23,TSLA,220.72,225.933,219.17,225.257,91475610
837,2021-03-22,TSLA,223.333,233.207,222.917,228.197,118536663
838,2021-03-19,TSLA,218.29,219.077,208.207,215.533,128681934
839,2021-03-18,TSLA,217.72,229.743,217.333,228.097,100107066
840,2021-03-17,TSLA,233.937,234.577,217.003,218.957,121117359
841,2021-03-16,TSLA,225.627,235.973,223.667,234.45,96587016
842,2021-03-15,TSLA,235.98,237.727,228.013,231.363,88270437
843,2021-03-12,TSLA,231.243,231.627,222.046,223.333,100751520
844,2021-03-11,TSLA,233.2,234.167,225.727,233.133,108761676
845,2021-03-10,TSLA,222.687,239.283,218.353,233.55,181817016
846,2021-03-09,TSLA,224.527,226.03,198.403,202.727,202569984
847,2021-03-08,TSLA,187.667,206.708,186.263,200.183,155360874
848,2021-03-05,TSLA,199.317,209.281,179.83,208.687,268189377
849,2021-03-04,TSLA,207.147,291.313,200.0,218.6,197758590
850,2021-03-03,TSLA,217.733,233.567,217.235,229.33,90623880
851,2021-03-02,TSLA,228.813,240.37,228.333,239.427,71196474
852,2021-03-01,TSLA,239.477,290.667,228.35,230.037,81408717
853,2021-02-26,TSLA,225.167,235.567,219.837,233.333,123267519
854,2021-02-25,TSLA,227.407,245.736,223.527,242.05,117071565
855,2021-02-24,TSLA,247.34,248.333,231.39,237.283,110300850
856,2021-02-23,TSLA,232.947,237.87,206.333,220.71,199820646
857,2021-02-22,TSLA,238.167,256.167,236.733,254.213,111809148
858,2021-02-19,TSLA,260.433,265.597,259.123,265.0,56874765
859,2021-02-18,TSLA,262.46,264.897,258.757,260.3,53871174
860,2021-02-17,TSLA,266.05,266.613,254.003,259.697,78236694
861,2021-02-16,TSLA,265.407,273.667,264.147,272.667,59406972
862,2021-02-12,TSLA,272.04,272.443,261.777,267.087,71304939
863,2021-02-11,TSLA,270.553,276.627,267.242,270.813,64868259
864,2021-02-10,TSLA,268.273,281.607,266.673,281.212,108648270
865,2021-02-09,TSLA,283.153,286.6,280.583,285.04,45472953
866,2021-02-08,TSLA,287.807,292.59,284.917,289.89,60485157
867,2021-02-05,TSLA,284.077,288.257,279.657,281.667,55699911
868,2021-02-04,TSLA,283.33,285.5,277.807,285.0,47437983
869,2021-02-03,TSLA,284.897,292.693,284.355,292.34,55030530
870,2021-02-02,TSLA,290.93,293.5,280.734,281.56,73038639
871,2021-02-01,TSLA,279.937,280.667,265.187,271.43,76174155
872,2021-01-29,TSLA,264.51,280.803,260.033,276.667,104972262
873,2021-01-28,TSLA,278.477,282.667,267.0,273.333,79134144
874,2021-01-27,TSLA,288.053,297.167,286.22,290.117,82001865
875,2021-01-26,TSLA,294.363,298.633,290.533,297.127,69394809
876,2021-01-25,TSLA,293.6,300.133,279.607,285.0,123520191
877,2021-01-22,TSLA,282.213,282.667,276.207,278.103,60199491
878,2021-01-21,TSLA,281.663,285.24,280.473,285.0,61794399
879,2021-01-20,TSLA,283.483,286.5,279.093,286.247,76997649
880,2021-01-19,TSLA,281.517,283.333,277.667,279.267,76100940
881,2021-01-15,TSLA,275.387,286.633,273.033,284.0,116332788
882,2021-01-14,TSLA,281.667,287.667,279.583,281.13,93798981
883,2021-01-13,TSLA,284.803,286.823,277.333,284.253,99937488
884,2021-01-12,TSLA,283.147,289.333,275.78,277.0,138812160
885,2021-01-11,TSLA,270.397,284.81,267.874,283.133,178662438
886,2021-01-08,TSLA,293.34,294.83,279.463,285.333,225166584
887,2021-01-07,TSLA,272.013,272.33,258.4,259.21,154496844
888,2021-01-06,TSLA,251.993,258.0,249.7,252.83,134099895
889,2021-01-05,TSLA,245.037,246.947,239.733,241.22,96735495
890,2021-01-04,TSLA,243.257,248.163,239.063,239.82,145914567
891,2020-12-31,TSLA,235.223,239.573,230.373,233.33,148949784
892,2020-12-30,TSLA,231.593,232.2,222.787,224.0,128538063
893,2020-12-29,TSLA,221.997,223.3,218.333,220.333,68732433
894,2020-12-28,TSLA,221.23,227.133,220.267,224.837,96835683
895,2020-12-24,TSLA,220.59,222.03,213.667,214.33,68596704
896,2020-12-23,TSLA,215.327,217.167,207.523,210.733,99518916
897,2020-12-22,TSLA,213.447,216.627,204.743,216.0,155584932
898,2020-12-21,TSLA,216.62,222.833,215.357,222.08,174135792
899,2020-12-18,TSLA,231.667,231.667,209.513,222.967,666378582
900,2020-12-17,TSLA,218.633,219.607,206.5,209.397,168810432
901,2020-12-16,TSLA,207.59,210.833,201.667,209.41,126287439
902,2020-12-15,TSLA,211.083,215.633,207.933,214.427,135670677
903,2020-12-14,TSLA,213.277,214.25,203.4,206.333,156121947
904,2020-12-11,TSLA,203.33,208.0,198.933,205.003,139424922
905,2020-12-10,TSLA,209.023,209.25,188.78,191.457,201249459
906,2020-12-09,TSLA,201.493,218.107,196.0,217.897,213027585
907,2020-12-08,TSLA,216.627,217.093,206.167,208.502,191929665
908,2020-12-07,TSLA,213.92,216.262,201.017,201.64,167964909
909,2020-12-04,TSLA,199.68,199.68,195.167,197.003,88203942
910,2020-12-03,TSLA,197.793,199.657,194.143,196.673,127656009
911,2020-12-02,TSLA,189.607,190.513,180.403,185.48,143326959
912,2020-12-01,TSLA,194.92,199.283,190.683,199.197,121148496
913,2020-11-30,TSLA,189.2,202.6,184.837,200.737,189009156
914,2020-11-27,TSLA,195.253,199.593,192.817,193.72,112683234
915,2020-11-25,TSLA,191.333,191.333,181.79,183.353,146790486
916,2020-11-24,TSLA,185.127,186.663,175.4,180.133,160945482
917,2020-11-23,TSLA,173.95,175.333,167.263,167.833,150780912
918,2020-11-20,TSLA,163.203,167.5,163.02,165.997,98735766
919,2020-11-19,TSLA,166.423,169.537,162.523,164.0,187426038
920,2020-11-18,TSLA,162.213,165.333,147.833,149.45,234132072
921,2020-11-17,TSLA,147.203,154.0,144.337,153.39,183564843
922,2020-11-16,TSLA,136.03,137.483,134.696,136.31,80515905
923,2020-11-13,TSLA,136.167,137.511,133.887,136.95,59491053
924,2020-11-12,TSLA,137.253,141.0,136.507,138.35,59821500
925,2020-11-11,TSLA,139.043,139.565,136.86,138.817,52073166
926,2020-11-10,TSLA,136.787,140.03,132.01,140.03,90852672
927,2020-11-09,TSLA,140.42,150.833,140.333,146.5,104499075
928,2020-11-06,TSLA,143.317,145.523,141.427,145.367,65118042
929,2020-11-05,TSLA,146.03,146.667,141.333,142.767,85243569
930,2020-11-04,TSLA,140.327,145.133,139.033,143.54,96429171
931,2020-11-03,TSLA,141.3,142.59,135.563,136.577,103055145
932,2020-11-02,TSLA,133.503,135.66,130.767,131.333,87063354
933,2020-10-30,TSLA,129.347,135.864,126.37,135.632,127762917
934,2020-10-29,TSLA,136.943,139.353,135.487,136.653,67965924
935,2020-10-28,TSLA,135.34,139.533,135.333,138.827,76354227
936,2020-10-27,TSLA,141.56,143.5,140.033,141.253,68059518
937,2020-10-26,TSLA,140.093,141.92,136.667,137.21,84717483
938,2020-10-23,TSLA,140.21,140.962,135.793,140.613,101150940
939,2020-10-22,TSLA,141.93,148.41,141.503,147.307,119979573
940,2020-10-21,TSLA,140.88,144.317,140.417,140.9,97111383
941,2020-10-20,TSLA,140.647,143.917,139.683,143.917,94968867
942,2020-10-19,TSLA,143.61,149.0,142.957,148.747,108863529
943,2020-10-16,TSLA,146.557,151.983,146.283,151.48,98327637
944,2020-10-15,TSLA,149.627,152.19,147.5,150.103,107017062
945,2020-10-14,TSLA,153.767,155.3,149.117,149.927,144136182
946,2020-10-13,TSLA,148.883,149.63,145.533,147.783,103390995
947,2020-10-12,TSLA,147.433,149.58,146.193,147.333,116373399
948,2020-10-09,TSLA,144.667,144.863,142.153,143.377,86776968
949,2020-10-08,TSLA,141.973,146.333,141.767,146.147,121263348
950,2020-10-07,TSLA,141.767,143.3,137.948,139.957,129383127
951,2020-10-06,TSLA,137.993,142.927,135.35,141.263,147438777
952,2020-10-05,TSLA,141.893,144.547,139.777,141.117,134168358
953,2020-10-02,TSLA,138.363,146.377,138.333,140.463,214290075
954,2020-10-01,TSLA,149.387,149.627,144.807,146.92,152224362
955,2020-09-30,TSLA,143.003,144.643,140.157,140.44,144436698
956,2020-09-29,TSLA,139.69,142.833,137.2,138.667,151024212
957,2020-09-28,TSLA,140.4,142.693,138.517,141.54,149158683
958,2020-09-25,TSLA,135.78,136.244,130.433,131.157,201625377
959,2020-09-24,TSLA,129.263,133.167,117.1,121.267,289683183
960,2020-09-23,TSLA,126.787,137.383,125.293,135.053,285222528
961,2020-09-22,TSLA,141.41,145.92,139.2,143.2,238742385
962,2020-09-21,TSLA,149.797,151.893,135.69,151.043,328430400
963,2020-09-18,TSLA,147.383,150.333,142.933,149.313,259220457
964,2020-09-17,TSLA,141.143,145.93,136.0,138.533,230337489
965,2020-09-16,TSLA,147.253,152.597,145.103,146.623,217640280
966,2020-09-15,TSLA,149.92,153.98,143.567,145.52,291894684
967,2020-09-14,TSLA,139.873,140.0,124.433,126.983,249061824
968,2020-09-11,TSLA,124.24,127.5,120.167,127.313,182152377
969,2020-09-10,TSLA,123.78,132.997,120.187,128.737,254791824
970,2020-09-09,TSLA,122.093,123.0,113.837,118.867,238397307
971,2020-09-08,TSLA,110.07,122.913,109.96,118.667,346397073
972,2020-09-04,TSLA,139.44,142.667,124.007,134.27,330965655
973,2020-09-03,TSLA,135.667,143.933,134.0,135.743,262788258
974,2020-09-02,TSLA,149.123,159.68,135.04,159.663,288528384
975,2020-09-01,TSLA,158.35,167.497,156.837,167.38,270358257
976,2020-08-31,TSLA,166.107,166.713,146.703,148.203,355123218
977,2020-08-28,TSLA,147.56,154.567,145.767,153.007,301217640
978,2020-08-27,TSLA,149.25,153.04,142.833,145.363,355395645
979,2020-08-26,TSLA,143.543,144.4,136.91,137.333,213590730
980,2020-08-25,TSLA,134.89,135.197,131.2,131.66,159883395
981,2020-08-24,TSLA,134.28,141.933,128.5,141.753,300954315
982,2020-08-21,TSLA,136.667,139.7,135.003,136.317,322343385
983,2020-08-20,TSLA,133.457,134.8,123.803,124.047,309176940
984,2020-08-19,TSLA,125.237,127.4,122.747,124.333,183079965
985,2020-08-18,TSLA,125.807,128.26,123.007,126.6,247117365
986,2020-08-17,TSLA,122.377,123.057,111.523,111.8,303634845
987,2020-08-14,TSLA,110.047,111.253,108.443,111.0,188664210
988,2020-08-13,TSLA,108.067,110.08,104.483,107.4,306379620
989,2020-08-12,TSLA,103.65,105.667,95.6667,98.0,328482510
990,2020-08-11,TSLA,91.6267,94.6667,91.0,93.0667,129387510
991,2020-08-10,TSLA,94.57,97.1667,92.39,96.5333,112833960
992,2020-08-07,TSLA,96.8467,99.9833,94.3333,99.97,133446300
993,2020-08-06,TSLA,99.3067,101.153,98.4833,99.39,89884695
994,2020-08-05,TSLA,99.0,99.99,97.8867,99.5333,74670225
995,2020-08-04,TSLA,99.1333,101.827,97.4667,99.6667,126224850
996,2020-08-03,TSLA,99.0,100.653,96.2933,96.6133,132140190
997,2020-07-31,TSLA,95.3833,101.137,94.7333,101.0,183704400
998,2020-07-30,TSLA,99.1667,100.883,98.0667,99.2,114315585
999,2020-07-29,TSLA,99.94,102.32,99.1333,100.067,141403395
1000,2020-07-28,TSLA,98.4333,104.313,98.2933,100.267,237130500
1001,2020-07-27,TSLA,102.64,103.197,94.2,95.6667,240730035
1002,2020-07-24,TSLA,94.4667,97.6667,91.1033,94.4,290949240
1003,2020-07-23,TSLA,100.87,112.6,98.7167,111.93,364927560
1004,2020-07-22,TSLA,106.157,108.427,104.133,106.6,212416200
1005,2020-07-21,TSLA,104.557,111.667,103.867,109.33,242359200
1006,2020-07-20,TSLA,109.533,110.0,99.2,101.267,256820505
1007,2020-07-17,TSLA,100.057,102.5,99.3333,100.897,139949580
1008,2020-07-16,TSLA,100.043,102.113,97.7333,98.4767,214511775
1009,2020-07-15,TSLA,103.067,103.333,97.1333,102.867,245517435
1010,2020-07-14,TSLA,101.12,106.0,95.4,103.733,351272100
1011,2020-07-13,TSLA,99.8033,119.667,98.0733,110.6,584780430
1012,2020-07-10,TSLA,102.977,103.26,91.7333,93.0667,350063295
1013,2020-07-09,TSLA,92.9533,93.9033,90.0867,93.1333,175763970
1014,2020-07-08,TSLA,91.06,94.4833,87.4233,93.6667,244669680
1015,2020-07-07,TSLA,92.6567,95.3,89.1133,93.6667,322344915
1016,2020-07-06,TSLA,91.44,91.8533,84.4033,85.1133,308547960
1017,2020-07-02,TSLA,80.5767,81.8667,79.04,81.4333,258751725
1018,2020-07-01,TSLA,74.6433,75.69,72.0333,72.2,199903440
1019,2020-06-30,TSLA,71.9867,72.5133,66.9167,67.1,253777515
1020,2020-06-29,TSLA,67.29,67.3333,63.2333,64.6,135396060
1021,2020-06-26,TSLA,63.9833,66.3333,63.6567,66.32,132823620
1022,2020-06-25,TSLA,65.7333,65.7333,62.4767,63.6167,138818235
1023,2020-06-24,TSLA,64.0567,66.7267,63.5433,66.2733,164393895
1024,2020-06-23,TSLA,66.7867,67.4667,66.2667,66.5933,95479065
1025,2020-06-22,TSLA,66.2867,67.26,66.0,66.6633,95435250
1026,2020-06-19,TSLA,66.7267,67.73,66.09,67.52,130196235
1027,2020-06-18,TSLA,66.93,67.9467,66.2967,66.8667,146279040
1028,2020-06-17,TSLA,66.12,67.0,65.5033,65.8467,148362000
1029,2020-06-16,TSLA,65.4767,67.5267,64.16,67.4567,210766170
1030,2020-06-15,TSLA,66.06,66.59,60.5667,61.1867,235457670
1031,2020-06-12,TSLA,62.3533,65.8667,60.84,65.3333,251450610
1032,2020-06-11,TSLA,64.8567,67.93,64.8,66.0133,238747230
1033,2020-06-10,TSLA,68.3367,68.5,65.5,66.1267,278451195
1034,2020-06-09,TSLA,62.71,63.63,61.5967,62.6667,170822310
1035,2020-06-08,TSLA,63.3267,63.3333,60.61,61.2667,212620905
1036,2020-06-05,TSLA,59.0433,59.1,57.7467,58.5233,117178755
1037,2020-06-04,TSLA,57.6267,59.7167,57.23,59.3267,133315695
1038,2020-06-03,TSLA,58.8633,59.8633,58.6733,59.2067,119242035
1039,2020-06-02,TSLA,58.77,60.5767,58.0667,59.6467,203483940
1040,2020-06-01,TSLA,59.8733,59.9333,56.94,57.2,226279455
1041,2020-05-29,TSLA,55.6667,55.6667,53.6133,53.9167,177187335
1042,2020-05-28,TSLA,53.72,54.9833,53.4467,54.2333,109136610
1043,2020-05-27,TSLA,54.6833,55.18,52.3333,54.7233,173242950
1044,2020-05-26,TSLA,54.59,55.64,54.38,55.6333,121346040
1045,2020-05-22,TSLA,54.46,55.4533,54.1333,54.81,149812125
1046,2020-05-21,TSLA,55.1733,55.5,53.0667,54.4,183818760
1047,2020-05-20,TSLA,54.37,55.0667,54.12,54.7,109639065
1048,2020-05-19,TSLA,53.8667,54.8033,53.74,54.3433,144547830
1049,2020-05-18,TSLA,54.2433,55.6467,53.5933,55.1867,175471530
1050,2020-05-15,TSLA,53.2767,53.67,52.4367,52.69,157776420
1051,2020-05-14,TSLA,53.5567,53.5567,50.9333,52.0,205232820
1052,2020-05-13,TSLA,52.73,55.0667,50.8867,54.7233,285982365
1053,2020-05-12,TSLA,53.96,56.22,53.8667,55.1333,238603575
1054,2020-05-11,TSLA,54.0867,54.9333,52.3333,52.7,247794015
1055,2020-05-08,TSLA,54.6267,54.9333,52.4667,52.9167,241951305
1056,2020-05-07,TSLA,52.0033,53.0933,51.49,51.8133,172915290
1057,2020-05-06,TSLA,52.1733,52.6533,50.74,51.7667,166848465
1058,2020-05-05,TSLA,51.2133,53.26,50.8133,52.6533,254874840
1059,2020-05-04,TSLA,50.7467,50.8,46.5333,46.7333,288556350
1060,2020-05-01,TSLA,46.7533,51.5167,45.5367,50.3333,487977105
1061,2020-04-30,TSLA,52.1267,57.9867,50.9,57.0133,427077810
1062,2020-04-29,TSLA,53.3667,53.5467,52.21,52.6767,243239730
1063,2020-04-28,TSLA,51.2733,53.6667,50.4467,53.0433,228329460
1064,2020-04-27,TSLA,53.25,53.3,49.0,49.1733,310221630
1065,2020-04-24,TSLA,48.3433,48.7167,46.5467,47.3867,198564180
1066,2020-04-23,TSLA,47.0433,48.9333,46.8767,48.5067,198550455
1067,2020-04-22,TSLA,48.8067,48.9333,45.9133,46.9333,213372465
1068,2020-04-21,TSLA,45.78,50.2233,44.92,48.6733,303136395
1069,2020-04-20,TSLA,49.7567,51.0367,47.48,48.8467,221198655
1070,2020-04-17,TSLA,50.26,51.6633,49.8433,51.4867,196923555
1071,2020-04-16,TSLA,49.68,50.63,47.1133,47.7967,309867930
1072,2020-04-15,TSLA,48.6567,50.21,47.3333,49.4667,353655015
1073,2020-04-14,TSLA,47.3267,49.46,46.1633,46.5967,458647665
1074,2020-04-13,TSLA,43.3967,43.4667,38.7033,39.3433,337131315
1075,2020-04-09,TSLA,38.2,38.3467,37.14,37.4733,204750000
1076,2020-04-08,TSLA,36.59,37.1467,35.5567,36.9467,189840360
1077,2020-04-07,TSLA,36.3633,37.6667,35.49,36.3333,268796760
1078,2020-04-06,TSLA,34.4167,34.7333,33.1967,34.08,223527540
1079,2020-04-03,TSLA,32.0007,34.3667,31.226,33.9667,338431140
1080,2020-04-02,TSLA,30.298,32.9507,29.76,32.0687,297876405
1081,2020-04-01,TSLA,32.104,34.2633,31.6733,33.6,200297700
1082,2020-03-31,TSLA,34.9333,36.1967,33.1333,33.4167,266572275
1083,2020-03-30,TSLA,33.4767,34.4433,32.7487,34.0167,179971005
1084,2020-03-27,TSLA,34.29,35.0533,32.9353,33.6667,215661120
1085,2020-03-26,TSLA,35.21,37.3333,34.15,36.4933,261331230
1086,2020-03-25,TSLA,35.95,37.1333,34.0733,36.35,318341175
1087,2020-03-24,TSLA,33.6667,34.2467,31.6,31.82,343427550
1088,2020-03-23,TSLA,28.9527,29.4667,27.3667,28.9067,246818235
1089,2020-03-20,TSLA,28.502,31.8,28.386,29.2133,424282530
1090,2020-03-19,TSLA,28.5093,30.1333,23.8973,24.9797,452931900
1091,2020-03-18,TSLA,24.0813,26.9907,23.3673,25.9333,356792430
1092,2020-03-17,TSLA,28.68,31.4567,26.4,29.334,359918700
1093,2020-03-16,TSLA,29.6713,32.9913,29.478,31.3,307341960
1094,2020-03-13,TSLA,36.44,40.5033,33.4667,39.6667,339603810
1095,2020-03-12,TSLA,37.37,39.6333,36.4167,38.7267,283635780
1096,2020-03-11,TSLA,42.2833,43.5733,40.8667,42.68,201203805
1097,2020-03-10,TSLA,43.0233,44.5333,40.5333,43.9633,233916645
1098,2020-03-09,TSLA,40.5333,44.2,40.3333,40.36,256106100
1099,2020-03-06,TSLA,46.9,47.1333,45.6167,46.0,189943770
1100,2020-03-05,TSLA,48.3033,49.7167,47.87,48.25,162789855
1101,2020-03-04,TSLA,49.9667,51.1,48.3167,50.93,225734655
1102,2020-03-03,TSLA,49.7,53.8,47.74,53.6667,386760045
1103,2020-03-02,TSLA,49.5733,49.58,45.7767,47.4167,302924865
1104,2020-02-28,TSLA,44.5333,46.0333,40.7667,41.98,368462565
1105,2020-02-27,TSLA,45.2667,49.3167,44.6,48.6667,364157400
1106,2020-02-26,TSLA,51.92,54.22,51.74,52.1667,212307645
1107,2020-02-25,TSLA,53.3267,57.1067,52.4667,56.6,259357215
1108,2020-02-24,TSLA,55.5867,57.5667,54.8133,55.9333,227882445
1109,2020-02-21,TSLA,60.0667,60.87,58.6967,60.4667,215091690
1110,2020-02-20,TSLA,59.96,60.8,57.33,60.7967,264523395
1111,2020-02-19,TSLA,61.16,62.9867,60.0667,61.5667,381344370
1112,2020-02-18,TSLA,57.2267,57.3333,55.49,56.1067,250475535
1113,2020-02-14,TSLA,53.3367,54.1967,52.3667,52.48,235405665
1114,2020-02-13,TSLA,53.6,54.5333,49.0,49.4567,394340220
1115,2020-02-12,TSLA,51.1533,52.65,50.89,51.8567,180337050
1116,2020-02-11,TSLA,51.6267,52.2333,50.5333,51.2533,175462095
1117,2020-02-10,TSLA,51.42,54.6667,50.16,53.3333,370337445
1118,2020-02-07,TSLA,49.87,51.3167,48.6667,48.7033,255952815
1119,2020-02-06,TSLA,49.93,53.0567,45.8,46.66,598211280
1120,2020-02-05,TSLA,48.98,56.4,46.94,54.8833,726357555
1121,2020-02-04,TSLA,59.1367,64.6,55.5933,58.8633,914081370
1122,2020-02-03,TSLA,52.0,52.41,44.9,44.9133,708502425
1123,2020-01-31,TSLA,43.37,43.5333,42.1667,42.6667,235788990
1124,2020-01-30,TSLA,42.72,43.3933,41.2,42.16,435085140
1125,2020-01-29,TSLA,38.7333,39.32,37.83,38.38,273250080
1126,2020-01-28,TSLA,37.7933,38.4533,37.2067,37.9,176827395
1127,2020-01-27,TSLA,37.2,37.63,35.9533,36.1333,204121020
1128,2020-01-24,TSLA,37.6533,38.2567,36.95,38.0433,215304000
1129,2020-01-23,TSLA,38.1467,38.8,37.04,37.6167,294765630
1130,2020-01-22,TSLA,37.97,39.6333,37.2733,38.1267,470535420
1131,2020-01-21,TSLA,36.48,36.5733,35.2267,35.35,267052065
1132,2020-01-17,TSLA,34.0333,34.3767,33.5433,33.84,204436095
1133,2020-01-16,TSLA,34.2333,34.2967,32.8113,32.9167,326049795
1134,2020-01-15,TSLA,34.5667,35.8567,34.4533,35.3167,260532465
1135,2020-01-14,TSLA,35.86,36.4933,34.9933,36.2833,435920655
1136,2020-01-13,TSLA,34.99,35.0433,32.8,32.9,399518205
1137,2020-01-10,TSLA,31.8767,32.3293,31.58,32.1193,194652480
1138,2020-01-09,TSLA,32.0893,33.2533,31.5247,33.14,426947790
1139,2020-01-08,TSLA,32.8093,33.2333,31.2153,31.58,467990895
1140,2020-01-07,TSLA,31.2707,31.442,30.2237,30.76,273137070
1141,2020-01-06,TSLA,30.1027,30.104,29.3333,29.3647,152362485
1142,2020-01-03,TSLA,29.534,30.2667,29.128,29.3667,266920455
1143,2020-01-02,TSLA,28.684,28.713,28.114,28.3,143375790
1144,2019-12-31,TSLA,27.8887,28.086,26.8053,27.0,154386840
1145,2019-12-30,TSLA,27.6467,28.6,27.284,28.586,189018975
1146,2019-12-27,TSLA,28.692,29.0207,28.4073,29.0,149352405
1147,2019-12-26,TSLA,28.7293,28.8987,28.4233,28.5273,159724335
1148,2019-12-24,TSLA,28.35,28.3647,27.5127,27.8907,120820800
1149,2019-12-23,TSLA,27.948,28.134,27.3333,27.452,199992315
1150,2019-12-20,TSLA,27.0393,27.5333,26.679,27.3527,221778090
1151,2019-12-19,TSLA,26.936,27.1233,26.4333,26.488,271804605
1152,2019-12-18,TSLA,26.21,26.348,25.372,25.3753,212045880
1153,2019-12-17,TSLA,25.266,25.7,25.06,25.266,127556625
1154,2019-12-16,TSLA,25.4333,25.574,24.1667,24.17,273314100
1155,2019-12-13,TSLA,23.8927,24.3473,23.6427,24.07,98614215
1156,2019-12-12,TSLA,23.9787,24.1827,23.5487,23.6613,116643165
1157,2019-12-11,TSLA,23.5133,23.8127,23.406,23.4583,103787430
1158,2019-12-10,TSLA,23.256,23.382,22.6207,22.664,132599265
1159,2019-12-09,TSLA,22.6353,22.9633,22.3387,22.4393,135603255
1160,2019-12-06,TSLA,22.3927,22.5907,22.318,22.3333,114284055
1161,2019-12-05,TSLA,22.0247,22.295,21.8167,22.1887,56054640
1162,2019-12-04,TSLA,22.202,22.524,22.19,22.5167,83043825
1163,2019-12-03,TSLA,22.4133,22.5273,22.1457,22.1747,99202140
1164,2019-12-02,TSLA,22.3247,22.4257,21.9123,21.96,91229790
1165,2019-11-29,TSLA,21.996,22.084,21.8333,22.074,36984435
1166,2019-11-27,TSLA,22.07,22.262,21.9047,22.0747,83292120
1167,2019-11-26,TSLA,21.928,22.3667,21.8067,22.3513,119343585
1168,2019-11-25,TSLA,22.4227,22.9713,22.2973,22.9547,185186475
1169,2019-11-22,TSLA,22.2027,22.7333,22.0,22.6773,253059630
1170,2019-11-21,TSLA,23.6553,24.056,23.6003,23.634,91650195
1171,2019-11-20,TSLA,23.4813,24.08,23.3047,24.0,101009475
1172,2019-11-19,TSLA,23.968,23.9993,23.1867,23.45,116041170
1173,2019-11-18,TSLA,23.3327,23.5433,23.0733,23.5277,66127575
1174,2019-11-15,TSLA,23.478,23.52,23.224,23.376,72188445
1175,2019-11-14,TSLA,23.29,23.5893,22.8607,23.074,97075545
1176,2019-11-13,TSLA,23.074,23.7553,23.012,23.6667,127017945
1177,2019-11-12,TSLA,23.3287,23.358,22.936,23.1267,110390745
1178,2019-11-11,TSLA,23.006,23.2793,22.8,22.93,149905335
1179,2019-11-08,TSLA,22.476,22.4973,22.1667,22.3,91113315
1180,2019-11-07,TSLA,22.3693,22.7667,21.868,21.9427,217010220
1181,2019-11-06,TSLA,21.772,21.7813,20.9667,21.2,119113980
1182,2019-11-05,TSLA,21.148,21.5673,21.0747,21.308,104151255
1183,2019-11-04,TSLA,21.1647,21.4627,20.6173,20.9867,131805600
1184,2019-11-01,TSLA,20.8873,21.0987,20.6533,21.088,95758935
1185,2019-10-31,TSLA,20.9947,21.2667,20.8667,20.8733,76004340
1186,2019-10-30,TSLA,21.0007,21.2527,20.6647,20.8667,144627150
1187,2019-10-29,TSLA,21.0813,21.62,20.9833,21.3327,190264005
1188,2019-10-28,TSLA,21.8473,22.7227,21.5067,21.836,283054290
1189,2019-10-25,TSLA,21.8753,22.0,19.7407,19.848,450091365
1190,2019-10-24,TSLA,19.9787,20.3287,19.28,19.8913,447288465
1191,2019-10-23,TSLA,16.9787,17.076,16.7567,16.9667,168242730
1192,2019-10-22,TSLA,17.0387,17.222,16.7233,16.956,69376425
1193,2019-10-21,TSLA,16.9,17.3,16.6787,17.222,76621515
1194,2019-10-18,TSLA,17.13,17.52,17.0067,17.38,86304990
1195,2019-10-17,TSLA,17.4647,17.652,17.3447,17.5,71685645
1196,2019-10-16,TSLA,17.3167,17.4733,17.128,17.1593,100564545
1197,2019-10-15,TSLA,17.1927,17.3333,16.9413,17.18,97191840
1198,2019-10-14,TSLA,17.1307,17.2367,16.4753,16.5267,153402945
1199,2019-10-11,TSLA,16.526,16.7387,16.454,16.4767,127322385
1200,2019-10-10,TSLA,16.316,16.6187,16.1053,16.352,94701255
1201,2019-10-09,TSLA,16.302,16.4863,16.0433,16.088,104025495
1202,2019-10-08,TSLA,16.0033,16.2627,15.6333,15.7247,130535070
1203,2019-10-07,TSLA,15.848,15.904,15.2367,15.32,121304355
1204,2019-10-04,TSLA,15.4287,15.652,15.2047,15.4407,120317700
1205,2019-10-03,TSLA,15.5353,15.632,14.952,15.4573,227066445
1206,2019-10-02,TSLA,16.2087,16.31,15.962,16.2193,93848220
1207,2019-10-01,TSLA,16.3127,16.3967,15.942,16.1,92944350
1208,2019-09-30,TSLA,16.058,16.2653,15.7407,16.2,89192415
1209,2019-09-27,TSLA,16.142,16.5807,15.9153,16.1467,166847685
1210,2019-09-26,TSLA,16.1707,16.2207,15.16,15.3773,181181775
1211,2019-09-25,TSLA,15.2467,15.2653,14.5573,14.9707,141664290
1212,2019-09-24,TSLA,14.8807,16.1327,14.8407,16.1013,194116680
1213,2019-09-23,TSLA,16.082,16.3453,15.948,16.0,65874450
1214,2019-09-20,TSLA,16.0413,16.463,15.8773,16.4327,97593960
1215,2019-09-19,TSLA,16.44,16.5293,16.3227,16.4,73247025
1216,2019-09-18,TSLA,16.2327,16.5447,16.158,16.3333,63421545
1217,2019-09-17,TSLA,16.3193,16.3733,16.0247,16.1647,59203635
1218,2019-09-16,TSLA,16.1873,16.4953,16.078,16.4,70921440
1219,2019-09-13,TSLA,16.3467,16.5633,16.3243,16.464,79697175
1220,2019-09-12,TSLA,16.3913,16.9,16.2933,16.5133,128718150
1221,2019-09-11,TSLA,16.4733,16.545,15.7333,15.8253,150641655
1222,2019-09-10,TSLA,15.7027,15.7027,15.2627,15.3867,73255710
1223,2019-09-09,TSLA,15.4527,15.584,15.282,15.3107,72040035
1224,2019-09-06,TSLA,15.1633,15.3093,15.0113,15.1467,62840580
1225,2019-09-05,TSLA,15.3053,15.32,14.7233,14.8333,111049830
1226,2019-09-04,TSLA,14.712,15.2307,14.6137,15.126,86530440
1227,2019-09-03,TSLA,15.0007,15.2633,14.8773,14.9387,80408190
1228,2019-08-30,TSLA,15.0407,15.496,14.9477,15.2767,139916625
1229,2019-08-29,TSLA,14.7807,14.8933,14.5333,14.6,77746560
1230,2019-08-28,TSLA,14.3727,14.4833,14.154,14.246,48579375
1231,2019-08-27,TSLA,14.272,14.5867,14.1353,14.3827,81310905
1232,2019-08-26,TSLA,14.3333,14.3347,14.1027,14.24,75816210
1233,2019-08-23,TSLA,14.0933,14.7447,14.0667,14.6647,128395560
1234,2019-08-22,TSLA,14.81,15.0267,14.548,14.8533,98474460
1235,2019-08-21,TSLA,14.722,14.8813,14.5067,14.8007,116996160
1236,2019-08-20,TSLA,15.0573,15.2727,14.9693,15.1747,62557905
1237,2019-08-19,TSLA,15.122,15.1887,14.78,14.9473,79676220
1238,2019-08-16,TSLA,14.6627,14.816,14.4013,14.444,78110640
1239,2019-08-15,TSLA,14.376,14.7707,14.1033,14.724,123479280
1240,2019-08-14,TSLA,14.6413,15.4333,14.446,15.414,143438865
1241,2019-08-13,TSLA,15.6667,15.7333,15.17,15.254,73034970
1242,2019-08-12,TSLA,15.2673,15.718,15.25,15.5327,69959055
1243,2019-08-09,TSLA,15.6673,15.9307,15.5873,15.737,58473660
1244,2019-08-08,TSLA,15.8867,15.9867,15.51,15.63,79115235
1245,2019-08-07,TSLA,15.5613,15.5713,15.0533,15.1,71647500
1246,2019-08-06,TSLA,15.3833,15.5,15.05,15.4587,83463000
1247,2019-08-05,TSLA,15.2213,15.4243,15.0517,15.3067,105424185
1248,2019-08-02,TSLA,15.6227,15.7513,15.282,15.4233,92047215
1249,2019-08-01,TSLA,15.59,16.3007,15.4513,16.1767,123892740
1250,2019-07-31,TSLA,16.1073,16.4453,15.7767,16.2,137673120
1251,2019-07-30,TSLA,16.1507,16.224,15.4787,15.5267,121635210
1252,2019-07-29,TSLA,15.718,15.7293,15.069,15.1393,139099965
1253,2019-07-26,TSLA,15.2027,15.3507,14.8167,15.128,150415455
1254,2019-07-25,TSLA,15.2547,15.6333,15.0367,15.5667,336273780
1255,2019-07-24,TSLA,17.6587,17.738,17.2107,17.278,166092525
1256,2019-07-23,TSLA,17.3447,17.3653,16.9667,17.114,75346815
1257,2019-07-22,TSLA,17.0453,17.477,16.946,17.25,102694095
1258,2019-07-19,TSLA,17.212,17.3307,16.9747,17.046,105726150
1259,2019-07-18,TSLA,16.9027,17.05,16.7923,16.9027,71467245
1260,2019-07-17,TSLA,16.9907,17.2207,16.89,17.0447,146470905
1261,2019-07-16,TSLA,16.8253,16.902,16.529,16.62,122234835
1262,2019-07-15,TSLA,16.9,16.9613,16.324,16.5333,165001380
1263,2019-07-12,TSLA,16.3387,16.3587,15.9807,15.9833,138007815
1264,2019-07-11,TSLA,15.9067,16.1,15.72,15.876,112716450
1265,2019-07-10,TSLA,15.928,15.9293,15.5427,15.61,137186040
1266,2019-07-09,TSLA,15.3373,15.4,15.152,15.2647,92862525
1267,2019-07-08,TSLA,15.356,15.4833,15.244,15.416,88208130
1268,2019-07-05,TSLA,15.54,15.6967,15.3867,15.638,105986070
1269,2019-07-03,TSLA,15.66,16.1047,15.634,15.9593,213017220
1270,2019-07-02,TSLA,14.97,15.2767,14.8147,15.2593,138885405
1271,2019-07-01,TSLA,15.1447,15.54,15.0853,15.3473,123569460
1272,2019-06-28,TSLA,14.8973,15.0113,14.72,14.7327,102770760
1273,2019-06-27,TSLA,14.856,14.86,14.49,14.63,95095650
1274,2019-06-26,TSLA,14.618,15.1487,14.54,14.6873,127608120
1275,2019-06-25,TSLA,14.6507,15.0227,14.6327,14.9593,92731065
1276,2019-06-24,TSLA,14.9093,15.0573,14.7347,14.8827,86261565
1277,2019-06-21,TSLA,14.7907,14.812,14.3667,14.4147,123031170
1278,2019-06-20,TSLA,14.6413,15.1267,14.4233,14.8667,177951930
1279,2019-06-19,TSLA,15.0953,15.1847,14.7373,15.0073,98627025
1280,2019-06-18,TSLA,14.9827,15.6493,14.8373,15.248,190736820
1281,2019-06-17,TSLA,15.002,15.1333,14.2847,14.3653,184752045
1282,2019-06-14,TSLA,14.328,14.4433,14.0267,14.0833,111501030
1283,2019-06-13,TSLA,14.2607,14.3267,13.834,14.0253,122523900
1284,2019-06-12,TSLA,13.9507,14.892,13.9333,14.8633,227963160
1285,2019-06-11,TSLA,14.4733,14.7267,14.2333,14.6097,174803055
1286,2019-06-10,TSLA,14.192,14.4627,13.934,14.0167,158775585
1287,2019-06-07,TSLA,13.6333,14.0563,13.5667,13.6667,240052905
1288,2019-06-06,TSLA,13.73,14.0667,13.4533,13.6293,303632265
1289,2019-06-05,TSLA,13.106,13.4187,12.79,13.2453,202661340
1290,2019-06-04,TSLA,12.9067,12.932,11.974,12.0733,207112830
1291,2019-06-03,TSLA,11.9313,12.4453,11.7993,12.3673,195966150
1292,2019-05-31,TSLA,12.344,12.6613,12.2733,12.34,156100980
1293,2019-05-30,TSLA,12.548,12.817,12.468,12.5833,118897125
1294,2019-05-29,TSLA,12.6573,12.826,12.336,12.4733,179529570
1295,2019-05-28,TSLA,12.58,13.0,12.5233,12.7467,154693515
1296,2019-05-24,TSLA,12.7087,13.332,12.5833,13.322,212048580
1297,2019-05-23,TSLA,13.0327,13.2977,12.4147,12.956,398207130
1298,2019-05-22,TSLA,12.8487,13.596,12.7853,13.2733,280277805
1299,2019-05-21,TSLA,13.672,13.8267,13.0693,13.184,270058485
1300,2019-05-20,TSLA,13.6907,13.7333,13.0167,13.52,307892925
1301,2019-05-17,TSLA,14.0687,14.816,13.928,14.7973,266799990
1302,2019-05-16,TSLA,15.222,15.4,15.1,15.2993,112249095
1303,2019-05-15,TSLA,15.4633,15.496,15.0167,15.288,109439640
1304,2019-05-14,TSLA,15.4873,15.6333,15.2,15.2867,108786180
1305,2019-05-13,TSLA,15.134,15.498,14.9667,15.4673,162521940
1306,2019-05-10,TSLA,15.968,16.1327,15.7347,15.9833,105125040
1307,2019-05-09,TSLA,16.132,16.2453,15.7963,16.1333,100670730
1308,2019-05-08,TSLA,16.3227,16.7067,16.28,16.4627,92646600
1309,2019-05-07,TSLA,16.4707,17.1473,16.34,17.12,151971120
1310,2019-05-06,TSLA,17.0227,17.2233,16.5667,16.668,162509145
1311,2019-05-03,TSLA,17.002,17.1073,16.2327,16.2573,355601565
1312,2019-05-02,TSLA,16.2733,16.4753,15.848,16.368,272390085
1313,2019-05-01,TSLA,15.6007,16.0,15.4333,15.9233,160565310
1314,2019-04-30,TSLA,15.9127,16.2807,15.8,16.1373,141969420
1315,2019-04-29,TSLA,16.098,16.2653,15.478,15.724,250717140
1316,2019-04-26,TSLA,15.676,16.4453,15.4087,16.4333,335410635
1317,2019-04-25,TSLA,16.5047,17.2667,16.4047,17.0,327740895
1318,2019-04-24,TSLA,17.244,17.688,17.2,17.59,160911810
1319,2019-04-23,TSLA,17.5933,17.7067,17.05,17.3433,164157885
1320,2019-04-22,TSLA,17.5167,17.9787,17.4987,17.9333,182207115
1321,2019-04-18,TSLA,18.2173,18.3227,17.9833,18.082,88144875
1322,2019-04-17,TSLA,18.082,18.3193,17.9023,18.3167,76897020
1323,2019-04-16,TSLA,18.224,18.3333,17.648,17.7167,109093950
1324,2019-04-15,TSLA,17.7587,17.9253,17.242,17.9087,150578685
1325,2019-04-12,TSLA,17.8467,18.13,17.7887,18.0147,101189610
1326,2019-04-11,TSLA,17.8947,18.0333,17.7067,17.8867,147538905
1327,2019-04-10,TSLA,18.404,18.5587,18.193,18.4493,105919710
1328,2019-04-09,TSLA,18.154,18.3333,17.974,18.11,88560465
1329,2019-04-08,TSLA,18.2133,18.744,18.0293,18.5127,156156540
1330,2019-04-05,TSLA,18.3307,18.4067,17.7407,17.9907,195573855
1331,2019-04-04,TSLA,17.852,18.08,17.3727,17.4593,355810935
1332,2019-04-03,TSLA,19.454,19.7447,19.1447,19.1547,118947960
1333,2019-04-02,TSLA,19.0587,19.296,18.9253,19.22,82184100
1334,2019-04-01,TSLA,19.2787,19.28,18.752,18.8413,121656585
1335,2019-03-29,TSLA,18.6573,18.6773,18.3,18.58,89870070
1336,2019-03-28,TSLA,18.5747,18.6887,18.34,18.4773,101611395
1337,2019-03-27,TSLA,18.322,18.358,17.879,17.9167,131687490
1338,2019-03-26,TSLA,17.8513,18.0173,17.6287,17.6293,110264220
1339,2019-03-25,TSLA,17.3613,17.5453,16.964,17.314,153225435
1340,2019-03-22,TSLA,17.6353,18.1867,17.6,18.172,131184135
1341,2019-03-21,TSLA,18.268,18.43,17.8967,18.1733,89206470
1342,2019-03-20,TSLA,18.24,18.3313,17.7533,17.9793,103623360
1343,2019-03-19,TSLA,17.8313,18.22,17.564,17.8333,177009450
1344,2019-03-18,TSLA,17.966,18.5367,17.82,18.4,154214700
1345,2019-03-15,TSLA,18.362,18.915,18.2933,18.9007,221782965
1346,2019-03-14,TSLA,19.3307,19.6927,19.2193,19.4967,106551705
1347,2019-03-13,TSLA,19.264,19.466,18.8467,18.9267,102670785
1348,2019-03-12,TSLA,18.8907,19.2047,18.7373,19.0993,112562055
1349,2019-03-11,TSLA,19.3947,19.4187,18.7,18.9013,110884170
1350,2019-03-08,TSLA,18.9427,19.0393,18.3927,18.4607,132294375
1351,2019-03-07,TSLA,18.4393,18.98,18.2833,18.5893,141637245
1352,2019-03-06,TSLA,18.416,18.767,18.2927,18.432,155032275
1353,2019-03-05,TSLA,18.436,18.9333,18.0067,18.8,281471100
1354,2019-03-04,TSLA,19.024,19.9333,18.852,19.8747,256452270
1355,2019-03-01,TSLA,19.6527,20.4753,19.46,20.4627,343670625
1356,2019-02-28,TSLA,21.3253,21.3333,20.7207,21.2613,157809795
1357,2019-02-27,TSLA,20.9827,21.0863,20.0367,20.1187,167758620
1358,2019-02-26,TSLA,19.8573,20.134,19.2513,19.4813,128738025
1359,2019-02-25,TSLA,19.918,20.1937,19.8,19.8607,99397830
1360,2019-02-22,TSLA,19.6473,19.7667,19.4733,19.6327,86108370
1361,2019-02-21,TSLA,19.4153,20.216,19.3667,20.1207,133637730
1362,2019-02-20,TSLA,20.1707,20.42,19.9333,20.294,107131755
1363,2019-02-19,TSLA,20.376,20.7697,20.3647,20.4373,62526645
1364,2019-02-15,TSLA,20.5253,20.5333,20.26,20.3,58574205
1365,2019-02-14,TSLA,20.2513,20.4513,20.0667,20.2253,78012480
1366,2019-02-13,TSLA,20.5447,20.85,20.3713,20.8233,77124255
1367,2019-02-12,TSLA,20.7873,21.2127,20.6413,21.08,82763550
1368,2019-02-11,TSLA,20.856,21.24,20.7,20.7733,106945695
1369,2019-02-08,TSLA,20.3867,20.4963,19.9,20.4553,87663180
1370,2019-02-07,TSLA,20.5007,20.98,20.2,20.8867,97809165
1371,2019-02-06,TSLA,21.148,21.616,21.0417,21.306,75578190
1372,2019-02-05,TSLA,21.4233,21.496,20.8167,20.8327,101141475
1373,2019-02-04,TSLA,20.8593,21.02,20.1253,20.8653,110281230
1374,2019-02-01,TSLA,20.814,21.0733,20.2333,20.3613,109251615
1375,2019-01-31,TSLA,20.468,20.771,19.6,20.0667,188538675
1376,2019-01-30,TSLA,20.5847,20.6,19.8993,20.03,168754770
1377,2019-01-29,TSLA,19.8307,19.9037,19.4533,19.6847,69325380
1378,2019-01-28,TSLA,19.7587,19.8307,19.1833,19.5273,96349185
1379,2019-01-25,TSLA,19.8027,19.9013,19.3033,19.626,108871170
1380,2019-01-24,TSLA,19.434,19.5787,18.619,18.8687,120182325
1381,2019-01-23,TSLA,19.1727,19.6333,18.7793,19.5,187949895
1382,2019-01-22,TSLA,19.928,20.5333,19.7,20.3213,181001115
1383,2019-01-18,TSLA,20.1507,21.8087,19.982,21.5333,362261445
1384,2019-01-17,TSLA,23.154,23.4333,22.9433,23.0807,55150995
1385,2019-01-16,TSLA,23.07,23.4667,22.9,22.9853,70376085
1386,2019-01-15,TSLA,22.962,23.2533,22.3,22.3333,90848850
1387,2019-01-14,TSLA,22.2933,22.8333,22.2667,22.8253,78709260
1388,2019-01-11,TSLA,23.1507,23.2273,22.5847,22.806,75585780
1389,2019-01-10,TSLA,22.998,23.026,22.1193,22.2933,90845310
1390,2019-01-09,TSLA,22.5687,22.9003,22.098,22.3667,81494175
1391,2019-01-08,TSLA,22.3567,22.934,21.8013,22.7973,105127740
1392,2019-01-07,TSLA,22.3307,22.4493,21.1833,21.448,113268375
1393,2019-01-04,TSLA,21.1793,21.2,20.182,20.4,110911740
1394,2019-01-03,TSLA,20.024,20.6267,19.8253,20.4667,104477760
1395,2019-01-02,TSLA,20.6747,21.0087,19.92,20.4067,174879720
1396,2018-12-31,TSLA,22.1867,22.614,21.684,22.5193,94535070
1397,2018-12-28,TSLA,22.258,22.416,21.2273,21.54,149084880
1398,2018-12-27,TSLA,21.0753,21.478,20.1,21.3227,128626995
1399,2018-12-26,TSLA,21.7393,21.798,19.606,20.0,122447070
1400,2018-12-24,TSLA,19.6927,20.9667,19.6797,20.9,83398695
1401,2018-12-21,TSLA,21.318,21.5647,20.8293,21.16,120252015
1402,2018-12-20,TSLA,21.0253,22.0193,20.7913,21.8037,136077870
1403,2018-12-19,TSLA,22.198,23.134,21.9827,22.5067,124112715
1404,2018-12-18,TSLA,22.4687,23.4367,22.246,23.3693,106499985
1405,2018-12-17,TSLA,23.228,24.38,22.9253,24.1333,115110120
1406,2018-12-14,TSLA,24.3807,25.1913,24.2887,25.0,95063325
1407,2018-12-13,TSLA,25.1193,25.1627,24.45,24.6767,110487810
1408,2018-12-12,TSLA,24.44,24.794,24.344,24.628,75405720
1409,2018-12-11,TSLA,24.4507,24.8113,24.0153,24.6607,94631535
1410,2018-12-10,TSLA,24.3433,24.3987,23.5413,24.0,99201825
1411,2018-12-07,TSLA,23.8643,25.2993,23.8433,24.6,172667655
1412,2018-12-06,TSLA,24.204,24.492,23.384,23.734,117637620
1413,2018-12-04,TSLA,23.98,24.5787,23.4667,23.7367,126929175
1414,2018-12-03,TSLA,23.8993,24.4,23.4667,24.0,124597665
1415,2018-11-30,TSLA,23.3653,23.44,22.551,22.7887,84433425
1416,2018-11-29,TSLA,22.7447,23.1667,22.6367,23.1333,46210860
1417,2018-11-28,TSLA,23.1913,23.2187,22.814,23.066,61913670
1418,2018-11-27,TSLA,22.928,23.1307,22.3667,22.67,95374500
1419,2018-11-26,TSLA,23.0667,23.0813,21.6667,21.6667,119882115
1420,2018-11-23,TSLA,21.722,22.5,21.7033,22.2897,63039630
1421,2018-11-21,TSLA,22.546,23.54,22.4933,23.4667,70302120
1422,2018-11-20,TSLA,23.166,23.32,22.2367,22.7833,120070635
1423,2018-11-19,TSLA,23.5647,24.45,23.5253,23.756,145633065
1424,2018-11-16,TSLA,23.6207,23.7133,23.008,23.0127,108092865
1425,2018-11-15,TSLA,23.2293,23.2387,22.6027,22.822,69385785
1426,2018-11-14,TSLA,22.9333,23.1407,22.4767,22.8467,75604305
1427,2018-11-13,TSLA,22.582,22.98,22.1467,22.2107,81728955
1428,2018-11-12,TSLA,22.0853,23.3187,22.0227,23.2247,104122845
1429,2018-11-09,TSLA,23.3673,23.6,23.0153,23.2667,76482690
1430,2018-11-08,TSLA,23.4267,23.8383,23.2293,23.2333,106360110
1431,2018-11-07,TSLA,23.2107,23.412,22.72,22.8893,110617830
1432,2018-11-06,TSLA,22.7373,23.2533,22.406,22.6047,101443335
1433,2018-11-05,TSLA,22.76,22.9303,22.0093,22.7,117465720
1434,2018-11-02,TSLA,23.094,23.28,22.7273,22.916,117119565
1435,2018-11-01,TSLA,22.952,23.1893,22.315,22.5507,120001980
1436,2018-10-31,TSLA,22.488,22.8,21.94,22.1693,114365220
1437,2018-10-30,TSLA,21.9933,22.5267,21.484,21.8927,136900560
1438,2018-10-29,TSLA,22.3233,23.144,21.7667,22.498,217290405
1439,2018-10-26,TSLA,22.06,22.66,20.4433,20.55,411382800
1440,2018-10-25,TSLA,20.9907,21.4,20.0673,21.148,312610860
1441,2018-10-24,TSLA,19.2333,20.296,19.0487,20.07,300873870
1442,2018-10-23,TSLA,19.6093,19.862,17.4733,17.5913,285416295
1443,2018-10-22,TSLA,17.3967,17.4573,16.8393,17.3787,84003900
1444,2018-10-19,TSLA,17.3333,17.9773,16.9,17.826,140633235
1445,2018-10-18,TSLA,17.594,18.0667,17.5333,17.9527,81317760
1446,2018-10-17,TSLA,18.1187,18.8467,17.7203,18.8267,129833130
1447,2018-10-16,TSLA,18.4393,18.4917,17.4827,17.7133,142896015
1448,2018-10-15,TSLA,17.306,17.552,16.969,17.2707,92999475
1449,2018-10-12,TSLA,17.252,17.466,16.8007,17.4,108021060
1450,2018-10-11,TSLA,16.8153,17.4833,16.602,17.1687,122516070
1451,2018-10-10,TSLA,17.1253,17.7007,16.518,17.6407,192229170
1452,2018-10-09,TSLA,17.52,17.7847,16.8867,17.0167,180908610
1453,2018-10-08,TSLA,16.704,17.8507,16.6,17.6347,202089795
1454,2018-10-05,TSLA,17.4633,18.3253,17.3333,18.31,269168055
1455,2018-10-04,TSLA,18.7887,19.6,18.5113,19.5967,147213180
1456,2018-10-03,TSLA,19.6533,20.3067,19.438,20.222,119924820
1457,2018-10-02,TSLA,20.068,21.1227,19.9433,20.93,176152665
1458,2018-10-01,TSLA,20.7133,20.7627,20.07,20.3847,326663955
1459,2018-09-28,TSLA,17.6513,18.5333,17.3703,18.0173,504745410
1460,2018-09-27,TSLA,20.5013,20.9973,20.4607,20.86,127636260
1461,2018-09-26,TSLA,20.6387,20.926,20.074,20.1273,117648240
1462,2018-09-25,TSLA,20.066,20.3067,19.7667,20.0,67225935
1463,2018-09-24,TSLA,19.9787,20.2,19.572,19.8987,72644415
1464,2018-09-21,TSLA,19.94,20.0387,19.6913,19.8467,75757170
1465,2018-09-20,TSLA,19.8887,20.3987,19.5553,20.2373,110241330
1466,2018-09-19,TSLA,19.9347,20.0,18.7,18.7007,124423755
1467,2018-09-18,TSLA,18.9973,20.176,18.3667,19.7793,248212830
1468,2018-09-17,TSLA,19.656,20.058,19.2087,19.336,103313655
1469,2018-09-14,TSLA,19.68,19.8217,19.1013,19.2507,101484180
1470,2018-09-13,TSLA,19.2973,19.6667,19.012,19.2013,95105040
1471,2018-09-12,TSLA,19.3693,19.5,18.5763,18.7627,150231405
1472,2018-09-11,TSLA,18.6293,18.8,18.2367,18.6313,137549835
1473,2018-09-10,TSLA,19.0333,19.0687,18.0667,18.2173,214252920
1474,2018-09-07,TSLA,17.5493,17.89,16.817,17.34,337378965
1475,2018-09-06,TSLA,18.73,19.4113,18.592,18.9867,112211400
1476,2018-09-05,TSLA,18.716,19.1187,18.4787,19.0033,115812315
1477,2018-09-04,TSLA,19.2633,19.8793,19.2,19.796,125257035
1478,2018-08-31,TSLA,20.1107,20.354,19.9067,20.1333,80626560
1479,2018-08-30,TSLA,20.21,20.3067,19.848,20.1507,108250590
1480,2018-08-29,TSLA,20.334,20.79,20.246,20.6847,111710880
1481,2018-08-28,TSLA,20.7907,21.2587,20.746,21.2273,114736365
1482,2018-08-27,TSLA,21.2847,21.4957,20.5873,21.2,196189320
1483,2018-08-24,TSLA,21.5213,21.59,21.2933,21.38,54038460
1484,2018-08-23,TSLA,21.34,21.8213,21.2067,21.276,77209290
1485,2018-08-22,TSLA,21.4427,21.592,20.978,21.3913,89189325
1486,2018-08-21,TSLA,21.46,21.6527,20.6,20.7073,197583450
1487,2018-08-20,TSLA,20.5627,20.5667,19.2133,19.447,261035025
1488,2018-08-17,TSLA,20.3667,21.7847,20.2353,21.5667,284379180
1489,2018-08-16,TSLA,22.3633,22.8187,22.2547,22.6607,90960495
1490,2018-08-15,TSLA,22.5793,22.966,22.1427,22.7937,136518870
1491,2018-08-14,TSLA,23.176,23.9467,23.14,23.8967,104796405
1492,2018-08-13,TSLA,23.7607,24.2127,23.268,24.0753,156958215
1493,2018-08-10,TSLA,23.6993,24.0,23.0667,23.6,173280660
1494,2018-08-09,TSLA,23.4967,24.4673,23.0487,24.37,257757165
1495,2018-08-08,TSLA,24.6893,25.5093,24.4747,24.606,368567445
1496,2018-08-07,TSLA,25.3047,25.8307,22.61,22.9227,463136520
1497,2018-08-06,TSLA,22.7993,23.6653,22.788,23.0307,128464965
1498,2018-08-03,TSLA,23.2113,23.6667,22.8353,23.1873,204847290
1499,2018-08-02,TSLA,23.3027,23.3327,21.544,21.896,348224430
1500,2018-08-01,TSLA,20.056,20.2,19.5333,19.866,151941450
1501,2018-07-31,TSLA,19.876,19.888,19.2713,19.4833,76153740
1502,2018-07-30,TSLA,19.3447,19.74,19.0753,19.7267,102211080
1503,2018-07-27,TSLA,19.812,20.513,19.6893,20.4833,85549890
1504,2018-07-26,TSLA,20.4433,20.7133,20.2427,20.3233,69457830
1505,2018-07-25,TSLA,20.5827,20.6413,19.6337,19.7827,106412700
1506,2018-07-24,TSLA,19.8287,20.5143,19.503,20.2947,143861760
1507,2018-07-23,TSLA,20.2133,20.3667,19.524,20.1227,164894205
1508,2018-07-20,TSLA,20.9053,21.5493,20.7807,21.4153,77498205
1509,2018-07-19,TSLA,21.3487,21.5693,20.934,21.0887,88730175
1510,2018-07-18,TSLA,21.59,21.7,21.0833,21.6667,84363165
1511,2018-07-17,TSLA,21.5127,21.6493,20.5667,20.5873,104943480
1512,2018-07-16,TSLA,20.6733,21.0107,20.4167,20.7807,117279825
1513,2018-07-13,TSLA,21.258,21.3057,20.6167,21.0387,88136550
1514,2018-07-12,TSLA,21.114,21.5487,20.8513,21.4287,85817490
1515,2018-07-11,TSLA,21.264,21.4627,21.0047,21.0533,73261140
1516,2018-07-10,TSLA,21.498,21.845,21.28,21.6373,142072470
1517,2018-07-09,TSLA,21.234,21.2347,20.5333,20.7993,113951295
1518,2018-07-06,TSLA,20.5933,20.8047,20.1333,20.3303,132981765
1519,2018-07-05,TSLA,20.6107,20.9593,19.748,20.9173,262145610
1520,2018-07-03,TSLA,20.724,22.166,20.646,22.1167,184239570
1521,2018-07-02,TSLA,22.338,24.3187,21.99,24.0047,281396475
1522,2018-06-29,TSLA,22.8633,23.5907,22.8273,23.5553,97385940
1523,2018-06-28,TSLA,23.3287,23.8013,23.074,23.244,125970075
1524,2018-06-27,TSLA,22.9667,23.386,22.6333,23.0,125005905
1525,2018-06-26,TSLA,22.8,22.9033,21.72,22.4037,111787305
1526,2018-06-25,TSLA,22.2007,22.5647,21.8333,22.008,103969560
1527,2018-06-22,TSLA,22.242,23.4833,22.1333,23.436,153990885
1528,2018-06-21,TSLA,23.1673,24.4143,23.0847,24.1333,119507175
1529,2018-06-20,TSLA,24.148,24.292,23.4667,23.8693,125754840
1530,2018-06-19,TSLA,23.5033,24.6667,23.0833,24.344,191428545
1531,2018-06-18,TSLA,24.722,24.9153,23.6333,23.6933,181098390
1532,2018-06-15,TSLA,23.878,24.3113,23.4167,23.5893,162723810
1533,2018-06-14,TSLA,23.848,23.9167,23.1067,23.1753,164715345
1534,2018-06-13,TSLA,22.9853,23.1467,22.6533,23.1137,142047060
1535,2018-06-12,TSLA,22.8513,23.6647,22.5333,22.98,335211045
1536,2018-06-11,TSLA,22.14,22.3107,21.5,21.5007,197752095
1537,2018-06-08,TSLA,21.1773,21.632,21.1433,21.2667,123078030
1538,2018-06-07,TSLA,21.0727,22.0,20.9053,21.0767,215179065
1539,2018-06-06,TSLA,21.3,21.478,19.832,20.0333,281509035
1540,2018-06-05,TSLA,19.4087,19.8533,19.116,19.8467,89927355
1541,2018-06-04,TSLA,19.7827,19.9333,19.57,19.6227,71967150
1542,2018-06-01,TSLA,19.4547,19.4633,18.9227,19.0573,81365790
1543,2018-05-31,TSLA,18.982,19.358,18.862,19.1473,88795815
1544,2018-05-30,TSLA,19.448,19.667,18.7733,18.886,112345290
1545,2018-05-29,TSLA,18.9173,19.1,18.41,18.5673,84999600
1546,2018-05-25,TSLA,18.59,18.6427,18.374,18.5083,58126230
1547,2018-05-24,TSLA,18.5233,18.7407,18.326,18.56,62650620
1548,2018-05-23,TSLA,18.6047,18.6607,18.2667,18.5173,89775795
1549,2018-05-22,TSLA,18.334,19.2,18.228,19.184,134186340
1550,2018-05-21,TSLA,18.966,19.4327,18.7533,18.7553,137738565
1551,2018-05-18,TSLA,18.4547,18.9767,18.2667,18.9767,108778305
1552,2018-05-17,TSLA,18.9693,19.279,18.9313,19.06,66309180
1553,2018-05-16,TSLA,19.0987,19.254,18.7707,18.922,85110285
1554,2018-05-15,TSLA,18.9453,19.1307,18.7,19.0007,142787595
1555,2018-05-14,TSLA,19.4647,20.3293,19.4413,20.2213,109302060
1556,2018-05-11,TSLA,20.0707,20.592,19.9387,20.5133,70194735
1557,2018-05-10,TSLA,20.3347,20.866,20.274,20.5,84773415
1558,2018-05-09,TSLA,20.4567,20.4673,20.0033,20.0273,85910475
1559,2018-05-08,TSLA,20.1313,20.5167,19.9333,20.053,88950000
1560,2018-05-07,TSLA,20.1847,20.3973,19.678,19.8333,130173360
1561,2018-05-04,TSLA,19.606,19.7907,18.6347,18.8667,128540310
1562,2018-05-03,TSLA,18.9633,19.2027,18.3487,18.586,260281950
1563,2018-05-02,TSLA,20.0767,20.4567,19.8523,19.9047,134555550
1564,2018-05-01,TSLA,19.9947,20.0547,19.548,19.5673,69384045
1565,2018-04-30,TSLA,19.5933,19.9153,19.5,19.574,63422580
1566,2018-04-27,TSLA,19.605,19.6313,18.922,19.0247,65469390
1567,2018-04-26,TSLA,19.032,19.0527,18.4333,18.5833,65340195
1568,2018-04-25,TSLA,18.7127,19.0107,18.4833,18.9,60203610
1569,2018-04-24,TSLA,18.8973,19.1393,18.564,19.0,85279620
1570,2018-04-23,TSLA,18.8913,19.4413,18.822,19.4193,73400670
1571,2018-04-20,TSLA,19.3493,19.9987,19.3167,19.678,84418920
1572,2018-04-19,TSLA,20.0053,20.0673,19.2367,19.4053,91358985
1573,2018-04-18,TSLA,19.5567,20.016,19.2107,19.4053,98365500
1574,2018-04-17,TSLA,19.1793,19.478,18.834,19.258,105000345
1575,2018-04-16,TSLA,19.414,19.9773,19.2673,19.9333,95077320
1576,2018-04-13,TSLA,20.0227,20.2633,19.732,20.24,109908345
1577,2018-04-12,TSLA,19.6053,20.2633,19.5787,20.1547,114131535
1578,2018-04-11,TSLA,20.062,20.5867,19.9773,20.062,112070970
1579,2018-04-10,TSLA,20.3133,20.4733,19.5787,19.9313,165363885
1580,2018-04-09,TSLA,19.3107,20.6333,19.2807,20.0247,153637365
1581,2018-04-06,TSLA,19.9533,20.6187,19.7,20.0667,202804290
1582,2018-04-05,TSLA,20.3813,20.4173,19.2133,19.2893,286816515
1583,2018-04-04,TSLA,19.1293,19.2247,16.8,16.852,298451190
1584,2018-04-03,TSLA,17.8353,18.2233,16.966,17.988,282665760
1585,2018-04-02,TSLA,16.832,17.3553,16.306,17.084,241709520
1586,2018-03-29,TSLA,17.742,18.064,16.5473,17.0993,227561235
1587,2018-03-28,TSLA,17.1853,17.912,16.8067,17.6387,315021555
1588,2018-03-27,TSLA,18.612,20.2847,18.4787,20.2667,208080435
1589,2018-03-26,TSLA,20.2787,20.506,19.424,20.4893,125627625
1590,2018-03-23,TSLA,20.1027,20.774,20.03,20.75,99823485
1591,2018-03-22,TSLA,20.6067,21.2547,20.5453,20.926,74096565
1592,2018-03-21,TSLA,21.102,21.496,20.6793,20.6833,89376165
1593,2018-03-20,TSLA,20.7033,21.0833,20.584,20.9913,71464395
1594,2018-03-19,TSLA,20.904,21.3833,20.6447,21.1,112264410
1595,2018-03-16,TSLA,21.4233,21.8267,21.2713,21.7307,91759185
1596,2018-03-15,TSLA,21.7067,22.19,21.4067,21.9587,98472015
1597,2018-03-14,TSLA,21.7753,22.654,21.5953,22.4507,119510550
1598,2018-03-13,TSLA,22.7893,23.008,22.4177,22.9947,89487075
1599,2018-03-12,TSLA,23.034,23.1473,21.7667,21.9073,123960525
1600,2018-03-09,TSLA,21.8113,21.8993,21.4913,21.6067,82601460
1601,2018-03-08,TSLA,21.94,22.22,21.7517,22.1907,53493660
1602,2018-03-07,TSLA,22.1533,22.1667,21.4493,21.696,75109455
1603,2018-03-06,TSLA,21.88,22.4247,21.802,22.25,64286160
1604,2018-03-05,TSLA,22.2233,22.5167,21.953,22.1593,57356535
1605,2018-03-02,TSLA,22.3413,22.348,21.5313,21.7987,76392435
1606,2018-03-01,TSLA,22.062,23.2447,22.0047,23.0007,103284015
1607,2018-02-28,TSLA,22.8707,23.6827,22.8147,23.5047,91044870
1608,2018-02-27,TSLA,23.3993,23.9993,23.334,23.75,71961285
1609,2018-02-26,TSLA,23.8233,23.9333,23.4903,23.5667,65024940
1610,2018-02-23,TSLA,23.47,23.666,23.14,23.1887,87216570
1611,2018-02-22,TSLA,23.088,23.1627,22.3167,22.3687,104434020
1612,2018-02-21,TSLA,22.22,22.6463,22.212,22.402,48112035
1613,2018-02-20,TSLA,22.3173,22.7227,22.1,22.298,60106350
1614,2018-02-16,TSLA,22.366,22.8747,22.1093,22.1667,84607380
1615,2018-02-15,TSLA,22.271,22.2747,21.4933,21.6333,88662105
1616,2018-02-14,TSLA,21.4873,21.7447,21.2347,21.3893,59225925
1617,2018-02-13,TSLA,21.5773,21.6127,20.834,21.0013,68325900
1618,2018-02-12,TSLA,21.0487,21.2053,20.4167,21.0753,93378270
1619,2018-02-09,TSLA,20.6947,21.399,19.6507,21.3287,193874040
1620,2018-02-08,TSLA,21.0153,23.2413,20.9733,22.8873,154472715
1621,2018-02-07,TSLA,23.0,23.0667,22.3773,22.5993,101713245
1622,2018-02-06,TSLA,22.2647,22.4147,21.5667,21.6807,76326570
1623,2018-02-05,TSLA,22.2087,22.9647,22.2,22.5313,66634275
1624,2018-02-02,TSLA,22.9167,23.4633,22.7007,23.2293,55447650
1625,2018-02-01,TSLA,23.2833,23.9773,23.242,23.4,62862480
1626,2018-01-31,TSLA,23.6207,23.746,23.0127,23.1673,92992545
1627,2018-01-30,TSLA,23.0547,23.218,22.8113,23.0093,70663200
1628,2018-01-29,TSLA,23.302,23.39,22.552,22.6567,71104155
1629,2018-01-26,TSLA,22.8567,22.9333,22.3807,22.7667,68032050
1630,2018-01-25,TSLA,22.5093,23.28,22.4267,23.218,100910880
1631,2018-01-24,TSLA,23.0593,23.65,22.9013,23.6387,79169490
1632,2018-01-23,TSLA,23.5193,24.0333,23.4,24.0,81787995
1633,2018-01-22,TSLA,23.4373,23.8553,23.28,23.2933,93061515
1634,2018-01-19,TSLA,23.3347,23.3727,22.84,23.0,73072125
1635,2018-01-18,TSLA,22.9713,23.4867,22.916,23.0447,85200075
1636,2018-01-17,TSLA,23.144,23.2667,22.65,22.698,106426485
1637,2018-01-16,TSLA,22.6707,23.0,22.32,22.5027,96451590
1638,2018-01-12,TSLA,22.4147,22.694,22.2447,22.5753,72341715
1639,2018-01-11,TSLA,22.53,22.9873,22.2173,22.3493,99624465
1640,2018-01-10,TSLA,22.32,22.4667,22.0,22.1467,64569705
1641,2018-01-09,TSLA,22.246,22.5867,21.827,22.344,107019555
1642,2018-01-08,TSLA,22.4273,22.468,21.0333,21.0667,147555480
1643,2018-01-05,TSLA,21.1053,21.1493,20.8,21.108,68838660
1644,2018-01-04,TSLA,20.9747,21.2367,20.3787,20.858,149194260
1645,2018-01-03,TSLA,21.15,21.6833,21.0367,21.4,66893295
1646,2018-01-02,TSLA,21.3687,21.474,20.7333,20.8,65188275
